,ts_code,ann_date,end_date,undist_profit_ps,capital_rese_ps,surplus_rese_ps
0,000001.SZ,20200214,20191231,5.842,4.1645,0.5555
1,000002.SZ,20200318,20191231,8.4366,1.0958,6.2666
2,000006.SZ,20200409,20191231,2.2991,0.3588,1.3315
3,000011.SZ,20200318,20191231,4.1228,0.1351,0.0286
4,000014.SZ,20200327,20191231,2.2241,0.0494,1.1446
5,000025.SZ,20200403,20191231,0.8988,1.0009,0.0487
6,000026.SZ,20200320,20191231,2.1826,2.4409,0.5321
7,000029.SZ,20200314,20191231,1.448,0.967,0.189
8,000031.SZ,20200331,20191231,1.4889,1.8036,0.2781
9,000034.SZ,20200331,20191231,1.9293,3.6328,0.1522
10,000037.SZ,20200320,20191231,1.1727,0.6018,0.5523
11,000039.SZ,20200327,20191231,5.9933,1.3618,0.9994
12,000045.SZ,20200314,20191231,0.0968,3.8774,0.1779
13,000049.SZ,20200417,20191231,9.1357,0.1965,0.407
14,000050.SZ,20200318,20191231,1.673,10.2933,0.0914
15,000055.SZ,20200418,20191231,3.4704,0.0013,0.1423
16,000059.SZ,20200403,20191231,3.3872,3.7261,0.3654
17,000060.SZ,20200310,20191231,1.4395,0.434,0.2702
18,000062.SZ,20200326,20191231,2.9129,0.6192,0.3543
19,000063.SZ,20200328,20191231,2.7629,2.8727,0.6565
20,000065.SZ,20200420,20191231,3.7725,1.1889,0.331
21,000088.SZ,20200409,20191231,1.7341,0.4178,0.527
22,000089.SZ,20200328,20191231,3.0369,1.3624,0.4827
23,000090.SZ,20200414,20191231,1.7426,0.8361,0.3621
24,000096.SZ,20200331,20191231,2.5151,0.6654,0.7339
25,000099.SZ,20200324,20191231,2.2897,1.7049,0.4259
26,000100.SZ,20200331,20191231,0.8216,0.4226,0.1655
27,000151.SZ,20200325,20191231,0.1991,1.4934,0.5
28,000157.SZ,20200331,20191231,2.2134,1.7101,0.4515
29,000166.SZ,20200328,20191231,0.9371,0.7735,0.1354
30,000301.SZ,20200409,20191231,0.5062,1.117,0.0806
31,000338.SZ,20200327,20191231,4.6991,0.015,0.1227
32,000400.SZ,20200410,20191231,5.7263,0.8236,0.5144
33,000401.SZ,20200319,20191231,4.9815,2.4708,0.753
34,000404.SZ,20200411,20191231,1.248,2.2727,0.0916
35,000407.SZ,20200328,20191231,0.429,1.151,0.159
36,000409.SZ,20200328,20191231,-1.2696,1.3096,
37,000416.SZ,20200321,20191231,0.5124,0.0528,0.0885
38,000417.SZ,20200328,20191231,2.4295,0.3962,1.2608
39,000419.SZ,20200418,20191231,2.0563,0.7679,0.2926
40,000420.SZ,20200410,20191231,-0.2743,0.7051,0.0967
41,000421.SZ,20200417,20191231,2.5689,0.7113,0.2612
42,000423.SZ,20200327,20191231,12.8313,1.0559,0.7128
43,000428.SZ,20200330,20191231,0.0353,1.4261,0.0735
44,000429.SZ,20200407,20191231,1.8545,1.2256,0.4354
45,000488.SZ,20200328,20191231,3.204,1.7512,0.4173
46,000502.SZ,20200330,20191231,-0.0924,0.1235,0.0373
47,000505.SZ,20200328,20191231,0.0032,2.3268,0.1781
48,000507.SZ,20200416,20191231,1.4172,1.7865,0.1544
49,000509.SZ,20200331,20191231,-1.4561,0.3038,0.035
50,000513.SZ,20200326,20191231,9.0066,1.2446,0.6667
51,000514.SZ,20200326,20191231,1.2619,1.4091,0.1894
52,000520.SZ,20200417,20191231,-2.7802,1.9362,0.2891
53,000521.SZ,20200328,20191231,0.8464,2.5698,0.3932
54,000523.SZ,20200415,20191231,0.4889,1.4585,0.1089
55,000529.SZ,20200418,20191231,0.7406,0.978,0.1963
56,000530.SZ,20200418,20191231,1.2314,0.8619,0.9117
57,000531.SZ,20200418,20191231,3.1049,1.2424,0.5918
58,000532.SZ,20200325,20191231,1.2014,0.0742,0.1502
59,000534.SZ,20200229,20191231,0.9274,,
60,000538.SZ,20200327,20191231,13.9589,13.6371,1.1058
61,000539.SZ,20200418,20191231,1.1255,0.9708,1.5705
62,000541.SZ,20200410,20191231,1.222,0.1133,0.5978
63,000544.SZ,20200328,20191231,0.8822,3.9707,0.1806
64,000546.SZ,20200415,20191231,2.3522,2.2607,0.1907
65,000548.SZ,20200328,20191231,1.2075,0.958,0.254
66,000550.SZ,20200326,20191231,9.7006,0.9725,0.5
67,000551.SZ,20200324,20191231,1.8108,0.8546,0.3908
68,000552.SZ,20200331,20191231,1.1501,0.8058,0.1787
69,000555.SZ,20200331,20191231,1.9434,2.3867,0.0288
70,000557.SZ,20200328,20191231,-0.6522,2.9635,0.0927
71,000559.SZ,20200420,20191231,0.6006,0.0886,0.1998
72,000561.SZ,20200411,20191231,1.1643,0.3574,
73,000565.SZ,20200320,20191231,1.168,0.1179,0.3093
74,000570.SZ,20200411,20191231,1.2945,0.2927,0.574
75,000572.SZ,20200331,20191231,-0.3959,2.2963,0.0841
76,000573.SZ,20200414,20191231,0.5406,0.8474,0.3427
77,000576.SZ,20200328,20191231,-0.2778,1.7103,0.0986
78,000582.SZ,20200418,20191231,2.4056,2.2167,0.2204
79,000586.SZ,20200408,20191231,-0.1624,0.3346,0.0922
80,000590.SZ,20200409,20191231,-0.5732,1.9796,0.1917
81,000591.SZ,20200418,20191231,1.1621,2.2258,0.0451
82,000597.SZ,20200420,20191231,0.4464,2.8452,0.1575
83,000598.SZ,20200402,20191231,2.0558,0.5961,0.1354
84,000600.SZ,20200324,20191231,2.487,2.4866,0.425
85,000603.SZ,20200317,20191231,2.4409,0.6553,
86,000610.SZ,20200415,20191231,0.7307,1.6672,0.2089
87,000612.SZ,20200326,20191231,0.9041,1.3752,0.2903
88,000613.SZ,20200321,20191231,-0.9331,0.1487,
89,000617.SZ,20200402,20191231,2.5229,4.2884,0.6128
90,000619.SZ,20200321,20191231,3.8656,1.2249,0.7515
91,000627.SZ,20200415,20191231,1.1798,2.2457,0.0399
92,000628.SZ,20200229,20191231,-0.2511,2.3389,0.0312
93,000629.SZ,20200331,20191231,-0.7871,0.6451,0.1678
94,000631.SZ,20200326,20191231,0.9004,0.5716,0.1899
95,000635.SZ,20200331,20191231,1.2421,6.1981,0.3748
96,000652.SZ,20200410,20191231,1.4451,0.4647,0.3231
97,000655.SZ,20200321,20191231,1.9494,0.8197,0.5405
98,000656.SZ,20200324,20191231,2.4318,0.8441,0.2742
99,000661.SZ,20200327,20191231,20.8801,15.1832,2.9176
100,000666.SZ,20200325,20191231,6.181,2.6859,1.902
101,000670.SZ,20200320,20191231,-0.7489,0.3611,0.0091
102,000672.SZ,20200415,20191231,6.6944,-1.1721,0.2121
103,000680.SZ,20200327,20191231,0.4894,0.9572,0.3204
104,000682.SZ,20200415,20191231,0.5192,0.8942,0.0238
105,000686.SZ,20200410,20191231,1.9451,2.4556,0.4016
106,000688.SZ,20200410,20191231,0.9186,0.166,0.1917
107,000698.SZ,20200410,20191231,1.519,1.6306,0.3833
108,000702.SZ,20200403,20191231,0.1249,0.6783,0.1046
109,000705.SZ,20200415,20191231,1.9511,1.6064,0.1614
110,000708.SZ,20200306,20191231,3.4775,3.8009,0.1989
111,000710.SZ,20200415,20191231,2.444,2.9191,0.1899
112,000712.SZ,20200306,20191231,1.6952,0.7903,0.2252
113,000715.SZ,20200402,20191231,1.7221,0.433,0.3938
114,000717.SZ,20200331,20191231,0.6575,1.3263,0.3231
115,000718.SZ,20200415,20191231,1.4713,0.3505,0.2083
116,000721.SZ,20200415,20191231,0.0162,0.1112,0.1059
117,000722.SZ,20200328,20191231,0.6756,4.5989,0.1189
118,000727.SZ,20200415,20191231,-1.5574,1.4511,0.0219
119,000728.SZ,20200330,20191231,1.3565,3.747,0.3972
120,000733.SZ,20200418,20191231,3.1629,5.5908,0.5239
121,000735.SZ,20200331,20191231,0.8945,1.3773,0.1889
122,000736.SZ,20200407,20191231,3.602,0.4137,0.2004
123,000737.SZ,20200401,20191231,-2.3612,1.8095,0.162
124,000738.SZ,20200410,20191231,1.4596,2.3657,0.0748
125,000739.SZ,20200312,20191231,1.713,0.3717,0.1126
126,000750.SZ,20200328,20191231,0.3186,1.4888,0.1537
127,000755.SZ,20200410,20191231,-1.5109,2.7586,0.3421
128,000756.SZ,20200323,20191231,2.0111,1.0198,0.4486
129,000768.SZ,20200331,20191231,0.7947,3.6635,0.4009
130,000776.SZ,20200328,20191231,3.8912,4.0946,0.8325
131,000779.SZ,20200331,20191231,1.1729,2.6991,0.0916
132,000786.SZ,20200321,20191231,5.0373,1.8592,0.3591
133,000789.SZ,20200326,20191231,4.626,0.0713,0.4312
134,000790.SZ,20200417,20191231,0.1805,0.0642,0.1836
135,000791.SZ,20200328,20191231,1.0213,2.589,0.0924
136,000793.SZ,20200415,20191231,-0.6116,1.8903,0.1923
137,000795.SZ,20200313,20191231,0.0563,0.929,0.0423
138,000798.SZ,20200410,20191231,-0.1426,1.3794,0.259
139,000799.SZ,20200417,20191231,2.1863,3.5739,0.7197
140,000800.SZ,20200328,20191231,1.7963,1.5293,0.6127
141,000807.SZ,20200324,20191231,-0.1931,2.5648,0.1103
142,000810.SZ,20200324,20191231,1.9794,0.4245,0.139
143,000818.SZ,20200407,20191231,1.4657,1.3256,0.1935
144,000819.SZ,20200331,20191231,0.9935,0.247,0.4884
145,000822.SZ,20200402,20191231,0.6145,1.6889,0.4643
146,000823.SZ,20200402,20191231,2.4526,2.6531,0.3857
147,000828.SZ,20200318,20191231,4.0069,1.0954,0.8416
148,000830.SZ,20200414,20191231,4.6682,1.4883,0.4855
149,000833.SZ,20200411,20191231,0.9928,2.0732,0.133
150,000838.SZ,20200414,20191231,0.5285,0.2332,0.0368
151,000848.SZ,20200328,20191231,0.5745,0.0177,0.4471
152,000856.SZ,20200313,20191231,-1.3697,1.7123,0.1583
153,000859.SZ,20200402,20191231,0.3124,0.7974,0.1103
154,000862.SZ,20200324,20191231,-1.1165,3.7934,0.0347
155,000868.SZ,20200317,20191231,-1.2322,0.7234,0.0646
156,000875.SZ,20200327,20191231,-0.2005,2.6081,0.0459
157,000876.SZ,20200401,20191231,4.1722,0.5948,0.5694
158,000877.SZ,20200321,20191231,3.8221,3.8869,0.4845
159,000878.SZ,20200410,20191231,0.1881,3.4315,0.2617
160,000880.SZ,20200328,20191231,1.7255,2.2205,0.3137
161,000885.SZ,20200420,20191231,3.9307,0.1112,0.9878
162,000895.SZ,20200325,20191231,3.0194,0.3766,0.5519
163,000897.SZ,20200312,20191231,-0.4759,0.1915,0.0402
164,000898.SZ,20200328,20191231,0.5902,3.5603,0.3959
165,000899.SZ,20200417,20191231,1.0364,2.4942,0.3719
166,000903.SZ,20200415,20191231,0.5065,1.1887,0.1792
167,000905.SZ,20200320,20191231,3.8115,1.1894,0.3862
168,000909.SZ,20200311,20191231,0.852,1.5113,0.0634
169,000911.SZ,20200413,20191231,-5.6942,4.4472,0.4661
170,000912.SZ,20200327,20191231,-1.7755,3.6812,0.2933
171,000915.SZ,20200307,20191231,5.7366,0.2656,0.3853
172,000919.SZ,20200331,20191231,3.0427,0.9168,0.7443
173,000920.SZ,20200403,20191231,1.4395,,0.0942
174,000921.SZ,20200415,20191231,3.4081,1.5088,0.4639
175,000922.SZ,20200409,20191231,0.6281,2.4563,0.3583
176,000927.SZ,20200409,20191231,-3.0544,0.8399,0.3446
177,000929.SZ,20200415,20191231,1.5003,1.0371,0.1299
178,000932.SZ,20200319,20191231,1.7112,1.7337,0.1545
179,000949.SZ,20200408,20191231,0.4724,1.3461,0.1846
180,000950.SZ,20200417,20191231,2.2366,1.3861,0.0696
181,000951.SZ,20200401,20191231,7.5901,0.6444,1.155
182,000960.SZ,20200417,20191231,1.0617,5.2517,0.2646
183,000965.SZ,20200320,20191231,1.9153,1.6523,0.2158
184,000969.SZ,20200410,20191231,0.3708,2.6671,0.3526
185,000972.SZ,20200416,20191231,-1.8637,1.3893,0.1134
186,000973.SZ,20200326,20191231,0.8598,0.3371,0.248
187,000975.SZ,20200321,20191231,0.7093,2.6345,0.217
188,000977.SZ,20200418,20191231,2.2451,3.4414,0.2097
189,000978.SZ,20200326,20191231,0.4628,2.7029,0.2559
190,000985.SZ,20200418,20191231,0.8229,1.9974,0.4287
191,000987.SZ,20200229,20191231,0.5166,4.2735,0.2371
192,000988.SZ,20200418,20191231,2.3863,2.5889,0.1176
193,000990.SZ,20200418,20191231,1.8338,10.2942,0.1489
194,000993.SZ,20200401,20191231,-0.3068,3.6017,0.0543
195,000999.SZ,20200320,20191231,10.0846,1.2062,0.5475
196,001696.SZ,20200328,20191231,1.8837,0.4864,0.3544
197,001872.SZ,20200416,20191231,5.9651,11.5985,0.3279
198,001896.SZ,20200327,20191231,-0.4668,4.3474,0.1525
199,001914.SZ,20200414,20191231,3.2413,2.9097,0.3783
200,001965.SZ,20200418,20191231,2.0458,4.7,0.187
201,002004.SZ,20200415,20191231,1.1662,2.3637,0.1677
202,002006.SZ,20200416,20191231,0.1612,0.5922,0.2006
203,002007.SZ,20200324,20191231,2.9399,0.3534,0.3701
204,002011.SZ,20200321,20191231,-0.922,2.3076,0.1512
205,002012.SZ,20200331,20191231,0.993,0.5832,0.16
206,002013.SZ,20200331,20191231,1.2439,0.2159,0.1674
207,002014.SZ,20200228,20191231,1.5282,0.8554,0.4468
208,002019.SZ,20200415,20191231,2.8376,2.3874,0.1213
209,002020.SZ,20200402,20191231,1.638,2.8682,0.2179
210,002023.SZ,20200331,20191231,0.9971,2.4898,0.1959
211,002024.SZ,20200418,20191231,4.4337,4.0009,0.1878
212,002025.SZ,20200414,20191231,3.685,1.124,1.1261
213,002028.SZ,20200418,20191231,5.1004,0.0927,0.4868
214,002029.SZ,20200418,20191231,3.4556,2.4934,0.9985
215,002031.SZ,20200417,20191231,0.31,0.0181,0.0683
216,002033.SZ,20200331,20191231,2.2399,1.0158,0.3937
217,002039.SZ,20200327,20191231,3.8298,3.7461,0.7098
218,002046.SZ,20200411,20191231,1.0511,2.9315,0.1026
219,002049.SZ,20200402,20191231,4.6557,1.0201,0.2042
220,002053.SZ,20200328,20191231,1.3182,2.742,0.1842
221,002054.SZ,20200229,20191231,2.8275,0.3143,0.3186
222,002056.SZ,20200312,20191231,1.8555,0.0085,0.3046
223,002057.SZ,20200420,20191231,0.8077,0.5956,0.0679
224,002058.SZ,20200331,20191231,0.102,0.0026,0.1176
225,002060.SZ,20200414,20191231,0.9716,0.5383,0.1417
226,002066.SZ,20200331,20191231,0.1527,0.7055,0.0966
227,002067.SZ,20200403,20191231,1.3016,1.4912,0.1397
228,002075.SZ,20200331,20191231,1.4477,-0.2758,0.0772
229,002080.SZ,20200318,20191231,2.2315,2.9247,0.1703
230,002084.SZ,20200331,20191231,1.0772,1.198,0.1623
231,002097.SZ,20200326,20191231,1.2589,2.1378,0.1658
232,002099.SZ,20200123,20191231,0.9423,1.6497,0.1316
233,002106.SZ,20200411,20191231,1.4241,2.8874,0.4308
234,002109.SZ,20200418,20191231,0.2574,2.1189,0.119
235,002110.SZ,20200416,20191231,4.1544,2.0573,0.5064
236,002112.SZ,20200416,20191231,0.3548,0.4179,0.1842
237,002114.SZ,20200317,20191231,-0.9194,4.6242,0.1061
238,002117.SZ,20200414,20191231,1.0317,0.4578,0.5136
239,002119.SZ,20200324,20191231,0.9258,0.2989,0.1539
240,002127.SZ,20200416,20191231,1.1979,0.6024,0.0707
241,002129.SZ,20200328,20191231,0.9748,2.7715,0.0357
242,002134.SZ,20200228,20191231,-0.722,1.2295,0.0849
243,002135.SZ,20200310,20191231,1.0134,2.0166,0.106
244,002136.SZ,20200229,20191231,0.5068,1.629,0.135
245,002138.SZ,20200317,20191231,1.8934,2.4556,0.3025
246,002139.SZ,20200331,20191231,0.8503,0.4481,0.1249
247,002140.SZ,20200331,20191231,2.5919,0.17,0.445
248,002145.SZ,20200410,20191231,0.7227,0.544,0.1088
249,002146.SZ,20200408,20191231,6.0001,1.1599,1.2687
250,002149.SZ,20200418,20191231,0.1729,2.9249,0.1084
251,002152.SZ,20200331,20191231,1.755,0.8336,0.2832
252,002155.SZ,20200324,20191231,1.7961,1.0741,0.2268
253,002156.SZ,20200331,20191231,0.8402,3.2492,0.135
254,002162.SZ,20200328,20191231,-0.171,0.0838,0.0822
255,002163.SZ,20200318,20191231,-0.8008,0.5538,0.078
256,002165.SZ,20200313,20191231,0.9549,0.4953,0.1501
257,002166.SZ,20200415,20191231,0.9296,1.0688,0.1018
258,002167.SZ,20200324,20191231,-0.5443,0.9633,0.061
259,002172.SZ,20200416,20191231,-0.656,1.4827,0.0478
260,002175.SZ,20200318,20191231,-1.2519,0.5099,0.0309
261,002179.SZ,20200331,20191231,3.6128,1.9507,1.1504
262,002181.SZ,20200309,20191231,1.0449,1.1543,0.2746
263,002182.SZ,20200318,20191231,2.2402,0.721,0.1706
264,002183.SZ,20200408,20191231,0.7954,0.6095,0.1159
265,002186.SZ,20200414,20191231,1.581,1.7818,0.5054
266,002187.SZ,20200415,20191231,3.5702,2.6712,0.8082
267,002190.SZ,20200402,20191231,1.8237,3.7532,0.3489
268,002191.SZ,20200415,20191231,2.3932,0.9841,0.3586
269,002199.SZ,20200418,20191231,-1.5662,2.1178,0.0773
270,002200.SZ,20200409,20191231,-4.3646,4.2121,0.225
271,002202.SZ,20200401,20191231,2.6706,2.8602,0.3405
272,002205.SZ,20200416,20191231,1.5656,4.4959,0.2601
273,002206.SZ,20200413,20191231,0.5577,0.7172,0.2223
274,002208.SZ,20200414,20191231,2.4021,0.1912,0.613
275,002211.SZ,20200407,20191231,-1.8089,2.3755,0.0668
276,002222.SZ,20200418,20191231,0.8976,0.1552,0.2143
277,002223.SZ,20200418,20191231,2.9041,1.7796,0.3674
278,002225.SZ,20200325,20191231,0.7531,0.8779,0.1281
279,002231.SZ,20200331,20191231,0.1261,0.4657,0.0847
280,002232.SZ,20200418,20191231,1.0721,0.641,0.1772
281,002233.SZ,20200317,20191231,3.532,3.1349,0.5516
282,002236.SZ,20200403,20191231,3.4118,0.6268,0.5173
283,002237.SZ,20200320,20191231,2.8247,0.8433,0.3724
284,002238.SZ,20200410,20191231,2.4556,0.3572,0.4784
285,002239.SZ,20200417,20191231,0.3709,0.2864,0.0189
286,002241.SZ,20200417,20191231,2.8236,0.9235,0.3628
287,002242.SZ,20200401,20191231,2.1741,1.1566,0.5185
288,002243.SZ,20200325,20191231,1.656,1.3453,0.1764
289,002245.SZ,20200229,20191231,1.0712,0.0007,0.0077
290,002248.SZ,20200402,20191231,-3.1897,2.3885,0.1841
291,002254.SZ,20200331,20191231,1.8799,0.3708,0.5851
292,002258.SZ,20200312,20191231,3.0551,1.545,0.4166
293,002261.SZ,20200414,20191231,-0.5401,1.7514,0.059
294,002262.SZ,20200328,20191231,2.161,0.1518,0.2999
295,002263.SZ,20200415,20191231,-0.2667,0.4325,0.0204
296,002285.SZ,20200331,20191231,0.9319,0.2622,0.4222
297,002292.SZ,20200410,20191231,0.217,1.5271,0.1544
298,002293.SZ,20200418,20191231,2.5039,0.9661,0.5038
299,002294.SZ,20200411,20191231,4.6099,0.138,0.5
300,002296.SZ,20200410,20191231,1.31,1.7929,0.1953
301,002299.SZ,20200328,20191231,3.5852,3.3745,0.557
302,002300.SZ,20200410,20191231,0.4966,0.5826,0.3183
303,002302.SZ,20200410,20191231,2.3207,2.2232,0.124
304,002303.SZ,20200328,20191231,1.0945,0.8119,0.1197
305,002306.SZ,20200317,20191231,-1.4646,0.433,0.0433
306,002308.SZ,20200418,20191231,-0.235,1.6003,0.238
307,002312.SZ,20200331,20191231,-0.6773,2.0663,0.0453
308,002315.SZ,20200208,20191231,1.5785,4.5896,0.5
309,002318.SZ,20200331,20191231,1.6456,0.9119,0.2665
310,002320.SZ,20200305,20191231,1.0048,1.5505,0.2024
311,002324.SZ,20200321,20191231,2.5119,0.6399,0.2633
312,002326.SZ,20200417,20191231,1.3991,1.0104,0.1973
313,002329.SZ,20200415,20191231,0.1241,1.4085,0.0704
314,002333.SZ,20200411,20191231,0.4201,0.9041,0.1958
315,002337.SZ,20200411,20191231,0.2317,0.7213,0.1204
316,002344.SZ,20200411,20191231,3.3053,1.2635,0.3137
317,002350.SZ,20200328,20191231,1.0126,1.6013,0.1994
318,002352.SZ,20200324,20191231,4.4709,3.6524,0.1362
319,002353.SZ,20200410,20191231,5.0577,3.8835,0.3355
320,002362.SZ,20200328,20191231,-1.6465,4.4953,0.1094
321,002367.SZ,20200331,20191231,0.9469,1.4814,0.3183
322,002370.SZ,20200314,20191231,-2.751,2.4364,0.1129
323,002372.SZ,20200417,20191231,1.0419,0.1111,0.3178
324,002373.SZ,20200415,20191231,2.0967,2.9617,0.0575
325,002374.SZ,20200415,20191231,-0.3082,2.0604,0.0173
326,002375.SZ,20200417,20191231,3.4234,1.4245,0.2781
327,002379.SZ,20200320,20191231,0.0719,0.6136,0.0249
328,002382.SZ,20200415,20191231,1.2411,5.8789,0.0879
329,002395.SZ,20200414,20191231,1.1726,2.3898,0.2045
330,002396.SZ,20200327,20191231,4.6261,1.1769,0.4373
331,002398.SZ,20200331,20191231,2.6727,0.3327,0.0867
332,002401.SZ,20200328,20191231,1.7798,0.1459,0.2244
333,002402.SZ,20200409,20191231,0.8993,0.3783,0.1179
334,002404.SZ,20200415,20191231,0.799,1.1172,0.2223
335,002410.SZ,20200326,20191231,1.1909,0.4509,0.3239
336,002419.SZ,20200320,20191231,3.2342,1.0906,0.4649
337,002428.SZ,20200327,20191231,0.5517,0.5029,0.1252
338,002429.SZ,20200411,20191231,1.0466,0.0341,0.0822
339,002436.SZ,20200331,20191231,0.7963,0.0185,0.0606
340,002438.SZ,20200331,20191231,1.2528,1.6755,0.1277
341,002441.SZ,20200415,20191231,2.358,3.4501,0.281
342,002442.SZ,20200410,20191231,0.616,0.8577,0.1023
343,002449.SZ,20200409,20191231,2.1201,2.3825,0.4264
344,002452.SZ,20200325,20191231,0.7803,0.4691,0.1236
345,002453.SZ,20200417,20191231,-0.6266,0.6057,0.0479
346,002456.SZ,20200420,20191231,1.1131,1.3221,0.093
347,002458.SZ,20200220,20191231,3.2896,1.5189,0.4315
348,002459.SZ,20200330,20191231,1.8316,2.8728,0.2859
349,002461.SZ,20200325,20191231,0.7467,2.0348,0.0934
350,002463.SZ,20200326,20191231,1.5702,0.1917,0.2683
351,002465.SZ,20200328,20191231,0.9199,1.6649,0.1722
352,002469.SZ,20200410,20191231,0.9763,0.3015,0.1658
353,002471.SZ,20200331,20191231,0.0716,,0.018
354,002480.SZ,20200415,20191231,-0.0238,2.2567,0.1003
355,002484.SZ,20200327,20191231,1.2686,1.6577,0.2754
356,002490.SZ,20200328,20191231,-0.1231,1.0819,0.2353
357,002492.SZ,20200324,20191231,1.0018,1.0366,0.1147
358,002494.SZ,20200408,20191231,0.6548,3.2411,0.1525
359,002497.SZ,20200410,20191231,1.2189,0.475,0.1433
360,002507.SZ,20200317,20191231,2.3271,0.027,0.2832
361,002518.SZ,20200331,20191231,2.3175,0.8643,0.3178
362,002519.SZ,20200320,20191231,-0.3031,1.6603,0.0984
363,002521.SZ,20200307,20191231,1.7457,4.0236,0.2718
364,002526.SZ,20200417,20191231,0.2254,0.2176,0.0323
365,002533.SZ,20200415,20191231,1.7369,1.4922,0.2105
366,002534.SZ,20200331,20191231,2.0472,1.1472,0.3274
367,002538.SZ,20200402,20191231,1.9349,1.913,0.2819
368,002541.SZ,20200416,20191231,4.1468,4.0663,0.2156
369,002546.SZ,20200328,20191231,0.938,1.47,0.1534
370,002548.SZ,20200418,20191231,0.3242,2.933,0.1377
371,002552.SZ,20200415,20191231,-0.257,1.3347,0.0859
372,002553.SZ,20200320,20191231,0.6303,0.1624,0.1803
373,002555.SZ,20200402,20191231,2.2304,0.0346,0.1077
374,002557.SZ,20200409,20191231,2.6135,3.1077,0.5
375,002561.SZ,20200328,20191231,2.7504,1.2592,0.5
376,002562.SZ,20200420,20191231,0.5976,0.7695,0.1034
377,002564.SZ,20200414,20191231,0.6042,2.5834,0.0885
378,002566.SZ,20200416,20191231,2.0005,2.5221,0.3158
379,002568.SZ,20200331,20191231,0.318,2.3164,0.2402
380,002572.SZ,20200324,20191231,3.1722,1.4291,0.4089
381,002579.SZ,20200410,20191231,0.931,1.3062,0.0669
382,002593.SZ,20200407,20191231,0.6704,1.053,0.0409
383,002595.SZ,20200331,20191231,3.9903,0.6358,0.5
384,002597.SZ,20200306,20191231,5.3813,0.7065,0.6419
385,002601.SZ,20200325,20191231,0.8159,4.6677,0.3202
386,002607.SZ,20200310,20191231,0.3319,0.1943,0.0073
387,002626.SZ,20200416,20191231,1.8148,1.436,0.4209
388,002628.SZ,20200417,20191231,1.3147,1.1828,0.1745
389,002642.SZ,20200403,20191231,-1.2303,4.3837,0.103
390,002643.SZ,20200418,20191231,1.663,2.2867,0.2769
391,002648.SZ,20200410,20191231,3.4179,3.9099,0.3108
392,002658.SZ,20200327,20191231,1.8084,0.4047,0.2649
393,002661.SZ,20200420,20191231,1.8381,4.0543,0.3019
394,002673.SZ,20200402,20191231,0.5149,2.7132,0.2797
395,002675.SZ,20200418,20191231,1.2176,2.895,0.1724
396,002677.SZ,20200416,20191231,0.9634,0.1624,0.2988
397,002678.SZ,20200418,20191231,0.669,0.7224,0.0855
398,002683.SZ,20200418,20191231,1.3573,2.1393,0.1247
399,002687.SZ,20200416,20191231,0.9971,0.9411,0.2941
400,002688.SZ,20200420,20191231,0.7853,0.6648,0.1827
401,002690.SZ,20200409,20191231,1.2668,0.5869,0.6458
402,002695.SZ,20200314,20191231,1.6212,1.5112,0.1795
403,002697.SZ,20200328,20191231,1.0533,0.0322,0.1624
404,002706.SZ,20200328,20191231,0.7701,0.49,0.1821
405,002714.SZ,20200227,20191231,4.5876,4.4664,0.2422
406,002715.SZ,20200331,20191231,1.3487,2.771,0.2279
407,002723.SZ,20200403,20191231,0.7703,1.2967,0.2071
408,002724.SZ,20200414,20191231,1.6703,0.0784,0.1457
409,002725.SZ,20200409,20191231,1.3674,1.1608,0.2354
410,002727.SZ,20200320,20191231,3.9952,2.4812,0.4188
411,002728.SZ,20200327,20191231,2.6801,1.2542,0.4736
412,002732.SZ,20200418,20191231,2.8621,2.0299,0.4975
413,002735.SZ,20200414,20191231,2.3554,1.4246,0.1152
414,002736.SZ,20200320,20191231,2.4424,0.8255,0.5137
415,002738.SZ,20200415,20191231,2.2574,7.1041,0.0751
416,002742.SZ,20200414,20191231,1.961,0.5895,0.1727
417,002746.SZ,20200324,20191231,3.7812,1.9526,0.3712
418,002756.SZ,20200320,20191231,5.1503,2.291,0.9309
419,002758.SZ,20200418,20191231,1.0819,0.6696,0.1421
420,002759.SZ,20200331,20191231,0.8,4.7663,0.1346
421,002771.SZ,20200325,20191231,1.3979,0.7082,0.2234
422,002774.SZ,20200403,20191231,0.7376,1.2639,0.1824
423,002778.SZ,20200417,20191231,3.4,2.4056,0.4084
424,002782.SZ,20200320,20191231,0.6706,0.1396,0.0955
425,002795.SZ,20200328,20191231,0.5786,1.2193,0.2435
426,002797.SZ,20200331,20191231,0.4612,0.7447,0.0845
427,002798.SZ,20200331,20191231,2.7121,5.924,0.1569
428,002799.SZ,20200410,20191231,1.8098,0.9913,0.2311
429,002800.SZ,20200401,20191231,2.8123,2.0459,0.3074
430,002801.SZ,20200319,20191231,4.999,1.9202,0.7015
431,002802.SZ,20200420,20191231,2.1284,2.2883,0.4431
432,002803.SZ,20200415,20191231,2.7934,2.3436,0.206
433,002807.SZ,20200331,20191231,1.3864,0.4257,1.5519
434,002809.SZ,20200420,20191231,4.4704,3.7848,0.4159
435,002810.SZ,20200411,20191231,2.7345,0.8205,0.385
436,002812.SZ,20200317,20191231,2.1663,2.3517,0.1678
437,002818.SZ,20200331,20191231,4.2036,1.0775,0.3439
438,002819.SZ,20200411,20191231,1.684,0.5158,0.1866
439,002821.SZ,20200409,20191231,7.3386,4.9545,0.2191
440,002825.SZ,20200414,20191231,2.1619,1.5242,0.2799
441,002829.SZ,20200416,20191231,2.1167,2.5086,0.1629
442,002832.SZ,20200418,20191231,3.4806,1.4359,0.432
443,002838.SZ,20200409,20191231,1.4015,0.1649,0.1512
444,002845.SZ,20200318,20191231,2.7659,2.8498,0.1549
445,002847.SZ,20200307,20191231,2.3373,2.9174,0.2361
446,002850.SZ,20200409,20191231,4.0824,6.438,0.3397
447,002853.SZ,20200403,20191231,2.9941,3.1546,0.4112
448,002858.SZ,20200408,20191231,1.5094,0.8928,0.1514
449,002859.SZ,20200331,20191231,2.3408,2.7593,0.3016
450,002860.SZ,20200403,20191231,3.5526,2.3826,0.444
451,002861.SZ,20200320,20191231,3.9677,3.7745,0.4025
452,002863.SZ,20200328,20191231,1.1678,0.3728,0.1229
453,002865.SZ,20200326,20191231,2.8561,3.1235,0.2593
454,002876.SZ,20200331,20191231,4.028,3.2909,0.6197
455,002878.SZ,20200415,20191231,1.9811,2.1207,0.3419
456,002879.SZ,20200313,20191231,3.1992,3.6698,0.4742
457,002880.SZ,20200306,20191231,5.6038,5.9195,0.8836
458,002882.SZ,20200411,20191231,1.7061,1.424,0.1604
459,002883.SZ,20200418,20191231,2.2586,2.2676,0.2663
460,002885.SZ,20200331,20191231,1.8004,1.3365,0.1836
461,002886.SZ,20200417,20191231,2.2544,2.4328,0.2646
462,002888.SZ,20200415,20191231,1.0971,1.1156,0.1683
463,002890.SZ,20200410,20191231,3.5029,3.0773,0.4199
464,002891.SZ,20200408,20191231,1.51,1.9191,0.1328
465,002895.SZ,20200327,20191231,2.0475,1.8246,0.1291
466,002896.SZ,20200416,20191231,2.5348,4.0401,0.3092
467,002902.SZ,20200317,20191231,1.7106,2.1892,0.2204
468,002903.SZ,20200403,20191231,1.1281,1.6108,0.2319
469,002905.SZ,20200410,20191231,3.3175,2.5476,0.4801
470,002909.SZ,20200331,20191231,0.8612,1.1325,0.14
471,002911.SZ,20200415,20191231,2.3438,1.185,0.4061
472,002913.SZ,20200323,20191231,5.2908,10.1139,0.483
473,002916.SZ,20200320,20191231,6.3934,6.5756,0.5
474,002917.SZ,20200410,20191231,1.2013,1.5285,0.1052
475,002921.SZ,20200328,20191231,2.3692,5.2537,0.2492
476,002922.SZ,20200325,20191231,1.6646,3.7469,0.6755
477,002923.SZ,20200417,20191231,2.1866,1.7879,0.3312
478,002925.SZ,20200328,20191231,4.1369,3.7419,0.5771
479,002926.SZ,20200331,20191231,2.0521,3.0911,0.3101
480,002927.SZ,20200410,20191231,1.2651,2.2646,0.1208
481,002930.SZ,20200328,20191231,1.5562,2.7418,0.1515
482,002936.SZ,20200331,20191231,1.745,0.872,0.4518
483,002937.SZ,20200327,20191231,0.8876,1.1212,0.1133
484,002938.SZ,20200331,20191231,2.1081,5.2843,0.1816
485,002940.SZ,20200403,20191231,3.2081,6.013,0.4821
486,002945.SZ,20200420,20191231,0.4022,0.2508,0.066
487,002948.SZ,20200321,20191231,0.5607,1.8489,0.3607
488,002949.SZ,20200417,20191231,1.3251,3.2741,0.2437
489,002951.SZ,20200410,20191231,0.8464,1.3257,0.0964
490,002956.SZ,20200420,20191231,4.9738,10.3841,0.3986
491,002961.SZ,20200310,20191231,1.7001,0.5991,0.2381
492,002965.SZ,20200321,20191231,4.0238,5.2543,0.4877
493,002966.SZ,20200331,20191231,2.1842,3.2444,0.7513
494,002967.SZ,20200327,20191231,1.2579,2.2432,0.1151
495,002968.SZ,20200401,20191231,2.146,6.9437,0.4282
496,002970.SZ,20200420,20191231,5.1158,9.2759,0.6158
497,002972.SZ,20200415,20191231,1.9613,2.6535,0.2593
498,003816.SZ,20200326,20191231,0.4687,0.2119,0.0781
499,300003.SZ,20200331,20191231,3.0403,0.0012,0.2376
500,300005.SZ,20200320,20191231,0.5058,1.0804,0.1854
501,300007.SZ,20200331,20191231,1.3991,2.0476,0.1468
502,300009.SZ,20200408,20191231,0.6474,0.7142,0.1393
503,300011.SZ,20200324,20191231,0.3089,2.0974,0.0933
504,300014.SZ,20200420,20191231,3.0548,3.4838,0.255
505,300016.SZ,20200312,20191231,1.4046,0.36,0.2244
506,300019.SZ,20200331,20191231,1.4307,0.1333,0.1722
507,300021.SZ,20200410,20191231,0.5611,0.2943,0.0559
508,300023.SZ,20200411,20191231,-2.5422,3.0627,0.0223
509,300030.SZ,20200307,20191231,0.3091,1.2776,0.1099
510,300031.SZ,20200416,20191231,2.8973,2.4094,0.152
511,300033.SZ,20200225,20191231,5.0564,0.6636,0.6712
512,300034.SZ,20200415,20191231,1.4119,1.913,0.2193
513,300036.SZ,20200410,20191231,1.7622,1.8624,0.118
514,300042.SZ,20200418,20191231,1.1798,2.6729,0.1353
515,300046.SZ,20200420,20191231,-0.7164,2.3106,0.269
516,300052.SZ,20200327,20191231,0.6797,1.4769,0.2121
517,300057.SZ,20200401,20191231,1.2283,2.6957,0.1004
518,300059.SZ,20200410,20191231,0.7621,1.3298,0.0653
519,300065.SZ,20200415,20191231,1.1186,2.3643,0.0689
520,300066.SZ,20200410,20191231,0.5207,0.0652,0.1096
521,300067.SZ,20200404,20191231,0.6057,0.1867,0.0468
522,300073.SZ,20200416,20191231,0.7144,5.0559,0.1512
523,300074.SZ,20200318,20191231,0.7713,0.4337,0.1107
524,300092.SZ,20200327,20191231,0.4292,1.0349,0.0827
525,300105.SZ,20200401,20191231,1.2636,1.3186,0.2202
526,300107.SZ,20200403,20191231,1.5813,0.3662,0.2456
527,300110.SZ,20200331,20191231,0.3417,0.4467,0.0522
528,300114.SZ,20200401,20191231,1.2856,0.1207,0.3706
529,300115.SZ,20200411,20191231,2.1584,1.4106,0.2475
530,300118.SZ,20200418,20191231,2.5954,5.6477,0.2173
531,300119.SZ,20200402,20191231,1.8458,2.3303,0.275
532,300120.SZ,20200325,20191231,0.5929,3.6267,0.0971
533,300121.SZ,20200229,20191231,1.3971,1.8384,0.2093
534,300127.SZ,20200328,20191231,0.8826,1.5355,0.4779
535,300129.SZ,20200408,20191231,1.1455,0.9919,0.1005
536,300130.SZ,20200414,20191231,1.8062,2.155,0.1689
537,300136.SZ,20200417,20191231,3.467,0.221,0.2308
538,300142.SZ,20200321,20191231,0.3314,1.7916,0.0414
539,300146.SZ,20200313,20191231,0.4372,2.0305,0.2948
540,300152.SZ,20200410,20191231,-0.7736,0.8284,0.0631
541,300154.SZ,20200414,20191231,0.7661,1.6262,0.219
542,300165.SZ,20200415,20191231,0.7,1.6179,0.1446
543,300174.SZ,20200303,20191231,1.0806,0.5886,0.1271
544,300179.SZ,20200310,20191231,0.5566,0.3167,0.112
545,300183.SZ,20200331,20191231,2.5846,2.2897,0.5051
546,300187.SZ,20200331,20191231,0.6433,0.5754,0.0921
547,300188.SZ,20200331,20191231,1.4838,0.8376,0.1383
548,300193.SZ,20200229,20191231,1.313,2.5203,0.2397
549,300194.SZ,20200328,20191231,0.4168,1.8752,0.0574
550,300196.SZ,20200408,20191231,3.1274,2.1235,0.3391
551,300201.SZ,20200411,20191231,0.4374,0.0945,0.0291
552,300202.SZ,20200417,20191231,1.5167,0.1908,0.2542
553,300204.SZ,20200317,20191231,1.2708,1.0932,0.3559
554,300208.SZ,20200416,20191231,1.077,0.2772,0.132
555,300210.SZ,20200411,20191231,0.3038,0.3997,0.0851
556,300211.SZ,20200310,20191231,0.3872,0.1235,0.0714
557,300213.SZ,20200410,20191231,1.1778,1.2544,0.1069
558,300215.SZ,20200331,20191231,0.6919,0.9535,0.1362
559,300218.SZ,20200417,20191231,1.7595,1.6663,0.4093
560,300223.SZ,20200401,20191231,1.1322,3.7682,0.1923
561,300224.SZ,20200324,20191231,0.6643,1.518,0.1604
562,300226.SZ,20200415,20191231,1.2588,4.6922,0.2262
563,300227.SZ,20200409,20191231,1.3076,2.022,0.0254
564,300228.SZ,20200418,20191231,0.0868,1.8355,0.144
565,300231.SZ,20200229,20191231,0.7189,1.4052,0.1706
566,300234.SZ,20200324,20191231,0.905,1.4321,0.1495
567,300235.SZ,20200408,20191231,0.9147,1.6788,0.1401
568,300237.SZ,20200420,20191231,1.2104,0.2012,0.0596
569,300240.SZ,20200414,20191231,1.3633,0.5431,0.0949
570,300241.SZ,20200418,20191231,0.5207,0.6546,0.0592
571,300242.SZ,20200408,20191231,-1.3265,1.949,0.0262
572,300244.SZ,20200411,20191231,2.7638,2.5825,0.0744
573,300248.SZ,20200416,20191231,1.1707,1.1595,0.1224
574,300251.SZ,20200417,20191231,1.2775,0.6831,0.1406
575,300253.SZ,20200404,20191231,0.8154,0.458,0.0962
576,300259.SZ,20200416,20191231,0.741,0.0404,0.0928
577,300265.SZ,20200418,20191231,1.3091,0.58,0.1223
578,300271.SZ,20200319,20191231,2.7172,3.6291,0.0827
579,300275.SZ,20200418,20191231,0.4193,1.4577,0.2454
580,300285.SZ,20200317,20191231,1.4894,1.1527,0.1492
581,300286.SZ,20200313,20191231,1.9807,0.5603,0.3198
582,300287.SZ,20200418,20191231,-0.6639,2.3071,0.0096
583,300289.SZ,20200403,20191231,1.4328,0.5765,0.1641
584,300295.SZ,20200418,20191231,3.6183,1.4755,0.4467
585,300296.SZ,20200410,20191231,1.5157,0.812,0.0317
586,300298.SZ,20200415,20191231,1.1319,2.1399,0.4533
587,300304.SZ,20200403,20191231,0.7418,0.4327,0.1105
588,300305.SZ,20200410,20191231,1.8472,2.0439,0.6086
589,300310.SZ,20200307,20191231,-1.5667,2.5416,0.0477
590,300314.SZ,20200410,20191231,1.0674,0.6095,0.2011
591,300320.SZ,20200328,20191231,1.0465,0.603,0.1609
592,300322.SZ,20200229,20191231,0.516,0.005,0.082
593,300323.SZ,20200403,20191231,-0.1217,3.4562,0.0756
594,300327.SZ,20200331,20191231,1.255,1.275,0.3042
595,300330.SZ,20200410,20191231,0.0086,1.1328,0.0736
596,300341.SZ,20200414,20191231,0.8645,0.0001,0.0329
597,300342.SZ,20200325,20191231,1.3004,0.9876,0.2092
598,300345.SZ,20200324,20191231,-0.4894,0.5587,0.0512
599,300347.SZ,20200417,20191231,2.3962,2.2792,0.1849
600,300354.SZ,20200414,20191231,0.8815,0.7505,0.1445
601,300357.SZ,20200328,20191231,0.9441,0.2448,0.2383
602,300358.SZ,20200328,20191231,1.5861,2.3328,0.1861
603,300363.SZ,20200328,20191231,1.6575,2.928,0.1735
604,300371.SZ,20200409,20191231,2.2839,0.7399,0.3797
605,300373.SZ,20200418,20191231,2.0086,2.2059,0.2194
606,300375.SZ,20200331,20191231,1.1236,0.6744,0.1903
607,300376.SZ,20200411,20191231,1.0566,0.1241,0.1012
608,300378.SZ,20200417,20191231,1.7426,2.4263,0.209
609,300382.SZ,20200410,20191231,0.4875,0.1589,0.1689
610,300383.SZ,20200417,20191231,1.4472,2.9041,0.0605
611,300385.SZ,20200415,20191231,2.0976,2.4616,0.2967
612,300389.SZ,20200410,20191231,2.5697,0.2873,0.3349
613,300395.SZ,20200403,20191231,1.9494,2.42,0.2692
614,300397.SZ,20200410,20191231,1.383,2.1806,0.1701
615,300398.SZ,20200324,20191231,1.7671,1.9083,0.0463
616,300401.SZ,20200228,20191231,2.2719,0.3325,0.241
617,300403.SZ,20200229,20191231,0.7694,0.296,0.2121
618,300406.SZ,20200326,20191231,2.5647,0.1276,0.4009
619,300408.SZ,20200324,20191231,2.6789,0.2205,0.4635
620,300414.SZ,20200331,20191231,1.2001,0.3667,0.1486
621,300416.SZ,20200410,20191231,2.7426,2.2627,0.2246
622,300423.SZ,20200417,20191231,2.3072,3.6722,0.0738
623,300428.SZ,20200416,20191231,2.7747,2.5082,0.1092
624,300436.SZ,20200326,20191231,1.4519,1.2734,0.3145
625,300443.SZ,20200229,20191231,3.7859,2.8721,0.4672
626,300451.SZ,20200326,20191231,1.1651,1.3388,0.1185
627,300453.SZ,20200328,20191231,1.0902,0.3761,0.1606
628,300454.SZ,20200415,20191231,4.0422,5.934,0.4679
629,300458.SZ,20200402,20191231,3.2745,1.9023,0.3483
630,300463.SZ,20200417,20191231,3.6277,0.7959,0.3489
631,300468.SZ,20200331,20191231,1.939,2.8392,0.3612
632,300471.SZ,20200420,20191231,0.2489,1.8465,0.2544
633,300479.SZ,20200331,20191231,0.9724,1.555,0.1409
634,300480.SZ,20200328,20191231,1.3935,1.2678,0.1852
635,300481.SZ,20200327,20191231,1.3644,0.7899,0.234
636,300482.SZ,20200331,20191231,2.7707,2.5185,0.4057
637,300483.SZ,20200317,20191231,1.6979,13.9402,0.1262
638,300485.SZ,20200416,20191231,2.4837,1.7461,0.3282
639,300488.SZ,20200331,20191231,3.3195,1.4355,0.3801
640,300493.SZ,20200416,20191231,0.2913,0.1778,0.0433
641,300496.SZ,20200227,20191231,1.8258,1.6016,0.1591
642,300497.SZ,20200409,20191231,2.6247,1.4411,0.3825
643,300505.SZ,20200229,20191231,3.5623,4.1683,0.4885
644,300508.SZ,20200417,20191231,2.7222,1.8264,0.3472
645,300520.SZ,20200331,20191231,1.3226,3.872,0.0865
646,300522.SZ,20200403,20191231,2.3597,2.1066,0.3687
647,300528.SZ,20200408,20191231,0.251,2.308,0.1017
648,300529.SZ,20200402,20191231,2.2898,1.4476,0.5114
649,300531.SZ,20200415,20191231,1.3591,1.5454,0.0613
650,300532.SZ,20200331,20191231,0.9706,0.7321,0.1725
651,300534.SZ,20200409,20191231,0.5499,0.7631,0.0953
652,300536.SZ,20200410,20191231,0.9395,0.0278,0.1203
653,300538.SZ,20200417,20191231,1.1584,0.7505,0.0929
654,300543.SZ,20200418,20191231,2.6335,2.3579,0.3851
655,300548.SZ,20200417,20191231,3.0247,2.9932,0.5234
656,300552.SZ,20200411,20191231,9.5734,3.7553,1.101
657,300553.SZ,20200410,20191231,2.1461,3.4311,0.4493
658,300554.SZ,20200323,20191231,1.8084,2.3396,0.2007
659,300559.SZ,20200410,20191231,1.891,0.5629,0.2703
660,300563.SZ,20200317,20191231,3.212,1.9868,0.4052
661,300570.SZ,20200331,20191231,2.0517,2.2279,0.3837
662,300573.SZ,20200420,20191231,2.5907,3.1085,0.435
663,300575.SZ,20200320,20191231,4.873,3.1299,0.7019
664,300577.SZ,20200420,20191231,2.2914,0.337,0.2211
665,300579.SZ,20200326,20191231,1.731,0.8188,0.2259
666,300580.SZ,20200326,20191231,2.8064,3.4025,0.3794
667,300582.SZ,20200417,20191231,1.7735,2.5314,0.1968
668,300584.SZ,20200409,20191231,2.3489,1.7705,0.3312
669,300588.SZ,20200410,20191231,1.1707,0.3994,0.0722
670,300592.SZ,20200417,20191231,1.7577,1.3872,0.0477
671,300595.SZ,20200410,20191231,1.5855,0.5729,0.2315
672,300596.SZ,20200415,20191231,3.5748,4.4638,0.2459
673,300598.SZ,20200415,20191231,4.1684,2.414,0.4933
674,300612.SZ,20200417,20191231,0.4034,1.2348,0.177
675,300616.SZ,20200418,20191231,9.0443,7.5733,0.3849
676,300617.SZ,20200117,20191231,3.2235,4.0312,0.5097
677,300618.SZ,20200326,20191231,3.5257,1.0661,0.2405
678,300620.SZ,20200228,20191231,2.2854,3.7809,0.2788
679,300621.SZ,20200403,20191231,1.9149,1.4295,0.2496
680,300622.SZ,20200415,20191231,1.1975,2.0064,0.2639
681,300623.SZ,20200416,20191231,1.9058,4.247,0.2868
682,300624.SZ,20200418,20191231,3.4902,4.4318,0.4327
683,300628.SZ,20200415,20191231,4.0434,1.8963,0.4563
684,300632.SZ,20200310,20191231,2.3996,0.8301,0.2488
685,300634.SZ,20200416,20191231,1.0746,1.1738,0.1158
686,300636.SZ,20200307,20191231,2.7737,4.7501,0.3211
687,300637.SZ,20200331,20191231,1.1815,1.003,0.1442
688,300638.SZ,20200415,20191231,2.2302,6.3223,0.2578
689,300639.SZ,20200416,20191231,2.2806,1.9491,0.1627
690,300640.SZ,20200409,20191231,0.3304,0.0955,0.1335
691,300644.SZ,20200420,20191231,4.3372,4.9606,0.7354
692,300647.SZ,20200331,20191231,0.5528,1.0708,0.0551
693,300650.SZ,20200320,20191231,2.2497,1.5734,0.2699
694,300653.SZ,20200410,20191231,2.5766,3.3677,0.4105
695,300655.SZ,20200408,20191231,0.9426,1.414,0.1101
696,300657.SZ,20200411,20191231,2.0626,3.5706,0.1956
697,300658.SZ,20200331,20191231,1.5606,2.7689,0.2494
698,300659.SZ,20200401,20191231,1.4859,1.7004,0.2391
699,300661.SZ,20200331,20191231,4.0933,5.2871,0.5
700,300669.SZ,20200410,20191231,1.3442,3.568,0.192
701,300670.SZ,20200416,20191231,0.6276,1.026,0.0776
702,300673.SZ,20200420,20191231,1.6661,4.0629,0.2336
703,300674.SZ,20200331,20191231,1.8634,1.6158,0.1691
704,300680.SZ,20200331,20191231,1.3233,4.8619,0.1786
705,300681.SZ,20200331,20191231,1.2889,4.7741,0.3904
706,300682.SZ,20200402,20191231,2.1955,3.7087,0.1561
707,300685.SZ,20200414,20191231,2.3593,2.9689,0.2822
708,300686.SZ,20200306,20191231,1.7496,0.93,0.1538
709,300690.SZ,20200408,20191231,2.8955,5.1454,0.5568
710,300691.SZ,20200408,20191231,1.1211,2.0086,0.1684
711,300692.SZ,20200418,20191231,1.7594,2.5214,0.1297
712,300697.SZ,20200418,20191231,1.402,1.5221,0.0897
713,300699.SZ,20200331,20191231,2.1842,2.9259,0.2008
714,300701.SZ,20200327,20191231,1.6783,1.5261,0.31
715,300703.SZ,20200418,20191231,1.2507,1.5927,0.1904
716,300705.SZ,20200418,20191231,0.9111,1.1879,0.1474
717,300706.SZ,20200331,20191231,0.8248,1.2033,0.102
718,300707.SZ,20200420,20191231,1.3974,1.5645,0.158
719,300708.SZ,20200123,20191231,0.6651,1.0625,0.1411
720,300711.SZ,20200410,20191231,0.8508,1.3119,0.1487
721,300717.SZ,20200411,20191231,2.1133,2.3232,0.2772
722,300721.SZ,20200325,20191231,2.5028,6.7004,0.3229
723,300722.SZ,20200416,20191231,1.1787,1.5394,0.2064
724,300725.SZ,20200331,20191231,2.0549,2.1993,0.2479
725,300726.SZ,20200313,20191231,1.4845,1.6765,0.2267
726,300727.SZ,20200305,20191231,1.3516,1.7387,0.135
727,300729.SZ,20200410,20191231,3.7682,3.9261,0.5331
728,300731.SZ,20200409,20191231,0.8654,2.5912,0.1917
729,300738.SZ,20200318,20191231,2.3234,2.2811,0.2016
730,300741.SZ,20200328,20191231,3.5775,7.4821,0.5
731,300745.SZ,20200416,20191231,2.9317,5.291,0.3617
732,300746.SZ,20200418,20191231,1.85,2.1375,0.3064
733,300748.SZ,20200324,20191231,0.875,0.9242,0.1509
734,300751.SZ,20200328,20191231,10.1653,13.7867,1.1802
735,300752.SZ,20200314,20191231,2.3415,3.5111,0.3557
736,300757.SZ,20200410,20191231,2.6159,3.2891,0.2809
737,300759.SZ,20200330,20191231,1.2113,7.5088,0.1461
738,300760.SZ,20200402,20191231,7.0738,6.7215,0.5
739,300763.SZ,20200331,20191231,3.2477,6.1077,0.5075
740,300765.SZ,20200323,20191231,4.9766,5.5114,0.5439
741,300766.SZ,20200413,20191231,1.0831,2.0237,0.142
742,300767.SZ,20200403,20191231,4.4963,6.0787,0.5133
743,300770.SZ,20200418,20191231,4.9153,10.5885,0.5
744,300771.SZ,20200324,20191231,5.9066,8.3204,0.6239
745,300772.SZ,20200320,20191231,1.6267,2.3167,0.2078
746,300773.SZ,20200410,20191231,4.7583,6.0076,0.6177
747,300777.SZ,20200324,20191231,0.9123,0.4268,0.1106
748,300785.SZ,20200415,20191231,4.9048,7.6737,0.5
749,300786.SZ,20200417,20191231,5.2444,7.6217,0.512
750,300787.SZ,20200409,20191231,5.8967,5.9042,0.5106
751,300788.SZ,20200327,20191231,3.4407,3.9509,0.6087
752,300790.SZ,20200415,20191231,2.632,6.4979,0.2943
753,300795.SZ,20200320,20191231,1.6973,2.9995,0.2637
754,300798.SZ,20200420,20191231,1.2845,0.5875,0.0281
755,300800.SZ,20200408,20191231,7.2102,12.1324,0.5974
756,300801.SZ,20200309,20191231,4.0734,8.9399,0.4327
757,300806.SZ,20200410,20191231,3.4359,4.5142,0.2921
758,300811.SZ,20200420,20191231,4.6451,7.3176,0.469
759,300817.SZ,20200416,20191231,5.0161,1.0199,0.591
760,300818.SZ,20200415,20191231,7.268,0.6116,0.854
761,300820.SZ,20200417,20191231,8.2397,1.4522,0.5
762,600008.SH,20200402,20191231,0.3818,0.421,0.1834
763,600009.SH,20200328,20191231,13.5925,1.3366,0.6797
764,600011.SH,20200401,20191231,1.9562,1.1756,0.5215
765,600012.SH,20200330,20191231,4.7837,0.1691,0.5386
766,600015.SH,20200417,20191231,5.6857,3.4634,1.0179
767,600016.SH,20200331,20191231,4.9963,1.3113,1.0315
768,600017.SH,20200324,20191231,1.6382,0.9671,0.2147
769,600018.SH,20200410,20191231,1.7978,0.4222,0.3314
770,600021.SH,20200331,20191231,2.435,2.3779,0.3915
771,600022.SH,20200320,20191231,0.0759,0.7493,0.0686
772,600026.SH,20200331,20191231,3.3167,1.8779,0.7136
773,600027.SH,20200326,20191231,1.8811,1.3512,0.3436
774,600028.SH,20200330,20191231,2.3716,1.0087,1.7132
775,600029.SH,20200331,20191231,1.874,2.0888,0.2102
776,600030.SH,20200320,20191231,4.9603,4.4691,0.7166
777,600033.SH,20200404,20191231,1.4855,0.6043,0.375
778,600036.SH,20200321,20191231,12.7522,2.6774,2.4699
779,600038.SH,20200331,20191231,4.5755,7.3152,0.6388
780,600048.SH,20200416,20191231,8.909,1.5355,0.3183
781,600050.SH,20200324,20191231,1.1608,2.5813,0.0516
782,600051.SH,20200317,20191231,6.0237,0.4618,1.0635
783,600057.SH,20200415,20191231,1.5076,2.2946,0.0904
784,600058.SH,20200331,20191231,-1.9474,3.8982,0.9042
785,600059.SH,20200418,20191231,1.5273,2.3263,0.329
786,600061.SH,20200327,20191231,2.5116,4.8953,0.0991
787,600062.SH,20200321,20191231,6.6065,0.1432,0.5
788,600063.SH,20200410,20191231,0.3785,0.8304,0.1056
789,600066.SH,20200331,20191231,4.6122,0.5776,1.2353
790,600067.SH,20200325,20191231,3.2495,0.9236,0.3398
791,600068.SH,20200401,20191231,3.7472,1.6537,0.3588
792,600071.SH,20200414,20191231,0.2736,0.2339,0.2497
793,600082.SH,20200410,20191231,0.846,0.6386,0.1633
794,600085.SH,20200403,20191231,3.6228,1.463,0.5925
795,600088.SH,20200417,20191231,1.0572,0.6378,0.4122
796,600089.SH,20200414,20191231,3.6849,2.9863,0.3774
797,600097.SH,20200418,20191231,2.6106,2.5386,0.3602
798,600098.SH,20200418,20191231,2.5505,1.4506,1.0619
799,600099.SH,20200418,20191231,0.1425,0.9252,0.1149
800,600103.SH,20200414,20191231,0.111,0.3536,0.0886
801,600104.SH,20200414,20191231,10.7229,4.756,3.4958
802,600106.SH,20200327,20191231,1.3484,0.0449,0.3475
803,600109.SH,20200402,20191231,2.136,2.5963,0.3699
804,600113.SH,20200418,20191231,1.6011,0.8397,0.0993
805,600115.SH,20200401,20191231,1.0727,2.094,0.0477
806,600116.SH,20200307,20191231,1.1243,0.7892,0.1716
807,600119.SH,20200411,20191231,-1.6312,1.0792,0.1907
808,600120.SH,20200328,20191231,3.7495,0.766,0.3174
809,600125.SH,20200327,20191231,2.9483,0.1209,0.5042
810,600126.SH,20200408,20191231,1.4387,2.9973,0.179
811,600127.SH,20200403,20191231,-0.6384,0.7313,0.0254
812,600130.SH,20200317,20191231,-0.5099,0.5936,0.0865
813,600132.SH,20200418,20191231,1.4664,,0.5
814,600135.SH,20200416,20191231,0.8149,1.9674,0.315
815,600138.SH,20200410,20191231,5.4322,2.4214,0.2819
816,600150.SH,20200418,20191231,4.8952,4.7972,0.4576
817,600156.SH,20200410,20191231,0.2763,0.3679,0.0672
818,600159.SH,20200410,20191231,1.3827,0.4137,0.0325
819,600161.SH,20200402,20191231,2.2675,0.2627,0.2379
820,600163.SH,20200415,20191231,-1.1622,2.0929,0.0708
821,600171.SH,20200331,20191231,1.3824,1.6814,0.2886
822,600176.SH,20200323,20191231,2.3007,0.9818,0.1498
823,600182.SH,20200420,20191231,1.4498,0.0035,0.4109
824,600183.SH,20200325,20191231,1.3518,1.1007,0.4242
825,600186.SH,20200331,20191231,-1.2128,0.3781,0.0601
826,600187.SH,20200418,20191231,-0.1303,1.2472,0.0185
827,600190.SH,20200411,20191231,0.5912,1.3242,0.2398
828,600196.SH,20200331,20191231,5.9018,4.7382,0.9847
829,600200.SH,20200316,20191231,0.2401,1.9697,0.1661
830,600201.SH,20200330,20191231,2.1026,0.7823,0.3657
831,600202.SH,20200303,20191231,0.1766,0.2091,0.3604
832,600203.SH,20200410,20191231,-0.0115,3.5477,0.0779
833,600206.SH,20200417,20191231,0.8524,1.7394,0.0782
834,600211.SH,20200313,20191231,4.322,7.4901,0.5104
835,600219.SH,20200411,20191231,0.7989,1.3828,0.0949
836,600222.SH,20200328,20191231,0.2735,1.1375,0.0887
837,600223.SH,20200410,20191231,1.503,0.1097,0.1267
838,600228.SH,20200328,20191231,-2.2973,1.3964,0.0544
839,600234.SH,20200331,20191231,-2.3306,1.6313,0.0623
840,600235.SH,20200409,20191231,0.1319,2.3635,0.2
841,600236.SH,20200418,20191231,0.4542,0.1629,0.2226
842,600249.SH,20200417,20191231,0.176,2.1544,0.4466
843,600252.SH,20200326,20191231,0.6542,0.0247,0.1574
844,600259.SH,20200328,20191231,-2.3095,6.9185,0.0711
845,600261.SH,20200418,20191231,1.198,0.1955,0.2491
846,600266.SH,20200415,20191231,7.2379,1.8531,0.8099
847,600268.SH,20200327,20191231,0.2365,1.8936,0.3133
848,600272.SH,20200328,20191231,0.6641,0.0634,0.2204
849,600273.SH,20200417,20191231,2.0586,1.734,0.3456
850,600276.SH,20200323,20191231,3.7414,0.376,0.5777
851,600277.SH,20200408,20191231,0.9745,3.5072,0.1266
852,600278.SH,20200411,20191231,2.6425,1.8325,0.4385
853,600279.SH,20200415,20191231,0.6836,2.7214,0.138
854,600282.SH,20200325,20191231,2.0937,0.4232,0.2631
855,600284.SH,20200331,20191231,2.8446,2.0524,0.4034
856,600292.SH,20200415,20191231,1.3083,3.8282,0.2486
857,600295.SH,20200415,20191231,4.4883,2.6438,0.6298
858,600298.SH,20200331,20191231,4.1662,0.7912,0.4941
859,600299.SH,20200321,20191231,3.3593,0.7873,0.1624
860,600301.SH,20200320,20191231,-4.6838,4.8148,0.2424
861,600309.SH,20200331,20191231,10.9311,0.6884,0.8992
862,600310.SH,20200415,20191231,0.8442,0.3587,0.2545
863,600313.SH,20200321,20191231,-0.0714,0.3876,0.0146
864,600315.SH,20200220,20191231,6.4297,1.2898,0.5846
865,600316.SH,20200331,20191231,1.3172,4.3887,0.2871
866,600317.SH,20200327,20191231,0.5532,0.2375,0.1061
867,600318.SH,20200418,20191231,0.6241,1.102,0.1425
868,600320.SH,20200401,20191231,0.6932,0.9177,0.3343
869,600321.SH,20200411,20191231,0.0536,0.6761,0.0662
870,600323.SH,20200415,20191231,5.029,1.9305,0.531
871,600325.SH,20200417,20191231,4.2535,0.5391,0.5049
872,600326.SH,20200418,20191231,1.8493,0.9289,0.1579
873,600327.SH,20200411,20191231,1.6159,0.155,0.3065
874,600329.SH,20200420,20191231,3.5875,1.7453,0.5646
875,600330.SH,20200417,20191231,0.5701,2.4668,0.1024
876,600331.SH,20200403,20191231,-1.4508,1.5134,0.085
877,600332.SH,20200401,20191231,6.8692,6.0679,0.9388
878,600346.SH,20200417,20191231,1.4934,2.5958,0.0981
879,600354.SH,20200320,20191231,-1.7597,1.7067,0.0584
880,600356.SH,20200401,20191231,2.6271,3.0987,0.5698
881,600362.SH,20200331,20191231,5.949,3.3683,4.4212
882,600366.SH,20200417,20191231,2.9495,0.1495,0.3192
883,600368.SH,20200331,20191231,1.9488,0.4155,0.4738
884,600370.SH,20200310,20191231,0.4615,0.074,0.1491
885,600372.SH,20200331,20191231,2.1357,0.8785,0.2477
886,600378.SH,20200416,20191231,2.7664,2.6044,0.2182
887,600379.SH,20200410,20191231,0.5117,0.0231,0.1265
888,600380.SH,20200411,20191231,2.8087,1.2403,0.2343
889,600382.SH,20200418,20191231,5.1381,2.9803,0.4606
890,600386.SH,20200410,20191231,0.6241,0.277,0.2326
891,600391.SH,20200418,20191231,0.0451,3.0676,0.2333
892,600395.SH,20200414,20191231,1.2279,1.4684,0.5292
893,600396.SH,20200402,20191231,-0.6237,0.918,0.0928
894,600399.SH,20200331,20191231,0.1114,1.1044,0.0501
895,600416.SH,20200331,20191231,-3.4464,5.1242,0.2428
896,600418.SH,20200319,20191231,2.1612,2.7603,0.8635
897,600420.SH,20200402,20191231,3.4228,2.4784,0.2354
898,600422.SH,20200331,20191231,2.6177,1.5657,0.3453
899,600425.SH,20200331,20191231,-0.079,2.3299,0.1157
900,600426.SH,20200327,20191231,6.008,1.2743,0.5
901,600433.SH,20200311,20191231,0.5311,0.5476,0.0959
902,600444.SH,20200326,20191231,0.525,2.248,0.2281
903,600449.SH,20200321,20191231,5.8514,4.2387,0.5668
904,600452.SH,20200417,20191231,2.9485,1.4818,0.4836
905,600455.SH,20200411,20191231,-1.0597,2.3322,0.1176
906,600456.SH,20200320,20191231,1.7032,5.5099,0.4657
907,600458.SH,20200331,20191231,1.0641,3.8081,0.1967
908,600463.SH,20200416,20191231,1.2191,1.6729,0.2638
909,600466.SH,20200417,20191231,3.1067,0.5244,0.2297
910,600469.SH,20200320,20191231,-0.8474,3.3014,0.501
911,600477.SH,20200310,20191231,0.4437,0.0534,0.1404
912,600479.SH,20200410,20191231,2.2923,1.3987,0.5135
913,600481.SH,20200411,20191231,0.1476,0.0221,0.2341
914,600488.SH,20200326,20191231,1.0012,0.3793,0.1934
915,600493.SH,20200418,20191231,0.6673,0.7019,0.33
916,600495.SH,20200326,20191231,0.5083,0.9602,0.1706
917,600496.SH,20200418,20191231,1.2327,0.5285,0.0917
918,600497.SH,20200321,20191231,0.1629,1.6059,0.1576
919,600505.SH,20200418,20191231,1.5246,0.209,0.363
920,600506.SH,20200418,20191231,-0.8924,1.5164,0.2315
921,600507.SH,20200228,20191231,1.9443,1.2831,0.4798
922,600508.SH,20200321,20191231,10.4391,1.2688,0.5
923,600511.SH,20200328,20191231,9.0175,3.1132,0.8051
924,600512.SH,20200420,20191231,0.4167,1.4088,0.0996
925,600516.SH,20200418,20191231,3.3674,0.729,0.4114
926,600523.SH,20200314,20191231,2.6732,2.0293,0.5746
927,600526.SH,20200409,20191231,-0.5041,3.1077,0.0644
928,600528.SH,20200331,20191231,3.8736,2.4164,0.313
929,600547.SH,20200417,20191231,3.7529,2.4268,0.2648
930,600548.SH,20200319,20191231,2.9527,2.8525,1.2004
931,600549.SH,20200417,20191231,1.6448,2.2012,0.3085
932,600556.SH,20200411,20191231,0.2447,-0.7032,0.0318
933,600557.SH,20200410,20191231,4.8205,0.2944,0.5243
934,600558.SH,20200420,20191231,0.5991,0.4991,0.1175
935,600562.SH,20200408,20191231,1.167,0.565,0.1684
936,600563.SH,20200404,20191231,8.8416,1.1643,0.6983
937,600566.SH,20200313,20191231,4.5099,2.1674,0.1986
938,600571.SH,20200418,20191231,0.5399,0.438,0.1826
939,600577.SH,20200331,20191231,0.761,0.0017,0.0417
940,600583.SH,20200324,20191231,2.6788,0.9608,0.3747
941,600585.SH,20200321,20191231,22.3958,1.9979,0.5
942,600587.SH,20200418,20191231,4.9492,4.0658,0.3011
943,600588.SH,20200328,20191231,0.9563,0.7037,0.3983
944,600598.SH,20200330,20191231,0.4569,1.3614,0.9213
945,600600.SH,20200330,20191231,9.4659,2.5495,1.0368
946,600603.SH,20200311,20191231,3.2399,0.5709,0.2824
947,600604.SH,20200415,20191231,0.6705,1.6459,0.0337
948,600605.SH,20200229,20191231,1.4424,1.8102,0.572
949,600611.SH,20200331,20191231,2.3765,0.0032,0.4341
950,600618.SH,20200420,20191231,1.3588,1.447,0.17
951,600619.SH,20200402,20191231,1.3876,2.4554,0.3564
952,600620.SH,20200401,20191231,0.3115,0.0777,0.2116
953,600621.SH,20200331,20191231,2.8741,1.7356,0.3186
954,600628.SH,20200417,20191231,2.8281,2.4198,0.592
955,600635.SH,20200331,20191231,0.9421,0.4408,0.1983
956,600639.SH,20200418,20191231,4.28,1.5226,1.0909
957,600643.SH,20200401,20191231,2.6374,2.4943,0.0919
958,600644.SH,20200321,20191231,-0.9996,2.5709,0.1824
959,600647.SH,20200418,20191231,0.8341,0.0053,0.2286
960,600649.SH,20200410,20191231,4.9804,0.7149,0.9273
961,600650.SH,20200327,20191231,2.8348,0.6245,0.5194
962,600655.SH,20200324,20191231,3.3212,2.9282,0.4515
963,600657.SH,20200401,20191231,3.7553,2.9133,
964,600658.SH,20200418,20191231,2.3788,2.3684,0.1735
965,600663.SH,20200328,20191231,2.907,0.0098,0.4963
966,600673.SH,20200403,20191231,1.2759,0.2155,0.0711
967,600678.SH,20200418,20191231,-1.6774,0.875,0.0795
968,600681.SH,20200416,20191231,1.6969,0.6441,0.126
969,600683.SH,20200410,20191231,1.6467,0.4421,0.2677
970,600684.SH,20200409,20191231,2.48,0.0129,0.2735
971,600685.SH,20200328,20191231,-1.1358,6.6635,0.6809
972,600688.SH,20200326,20191231,1.1031,0.0564,0.5947
973,600693.SH,20200415,20191231,1.5995,0.1235,0.2271
974,600695.SH,20200331,20191231,-0.6859,0.5523,0.1093
975,600712.SH,20200415,20191231,0.1001,0.6791,0.103
976,600713.SH,20200331,20191231,0.9314,1.5954,0.1367
977,600717.SH,20200325,20191231,4.3975,1.436,1.1461
978,600719.SH,20200411,20191231,0.1466,0.2525,0.4239
979,600720.SH,20200320,20191231,5.2565,1.7277,0.575
980,600722.SH,20200305,20191231,-2.0772,2.4184,0.1308
981,600724.SH,20200327,20191231,0.6619,0.18,0.1795
982,600725.SH,20200318,20191231,-2.3026,1.4613,0.0856
983,600727.SH,20200403,20191231,0.0309,2.4906,0.5002
984,600728.SH,20200410,20191231,0.7512,1.0598,0.1244
985,600731.SH,20200407,20191231,0.3145,1.8625,0.099
986,600732.SH,20200226,20191231,0.489,-0.3636,0.0092
987,600739.SH,20200403,20191231,8.2083,4.1157,0.5389
988,600740.SH,20200414,20191231,0.3356,5.1965,0.2126
989,600741.SH,20200411,20191231,8.9258,4.0645,0.9623
990,600744.SH,20200411,20191231,-2.091,2.7447,0.0723
991,600748.SH,20200328,20191231,2.9831,1.4099,0.2483
992,600749.SH,20200418,20191231,-0.5776,4.2987,0.0249
993,600750.SH,20200321,20191231,4.4564,0.8293,0.4965
994,600751.SH,20200420,20191231,0.1798,3.5202,0.0384
995,600753.SH,20200328,20191231,-0.5279,1.105,
996,600754.SH,20200328,20191231,3.9124,8.2105,0.6886
997,600756.SH,20200418,20191231,2.957,3.2625,0.2996
998,600761.SH,20200314,20191231,4.3708,0.4261,0.9185
999,600766.SH,20200416,20191231,-1.7467,1.0574,
1000,600768.SH,20200328,20191231,0.4314,0.1149,0.134
1001,600775.SH,20200331,20191231,0.8805,1.6094,0.283
1002,600776.SH,20200408,20191231,0.6702,0.7139,0.1077
1003,600777.SH,20200331,20191231,0.2753,0.9789,0.0137
1004,600780.SH,20200327,20191231,2.3667,1.0688,0.2587
1005,600785.SH,20200320,20191231,7.2127,1.3799,0.9131
1006,600787.SH,20200415,20191231,1.6075,1.6708,0.8782
1007,600789.SH,20200418,20191231,0.4133,1.8479,0.1711
1008,600792.SH,20200331,20191231,-0.0725,2.3143,0.1366
1009,600794.SH,20200331,20191231,0.32,0.2206,0.0683
1010,600795.SH,20200414,20191231,0.997,0.3084,0.2438
1011,600798.SH,20200331,20191231,0.7424,0.9841,0.2086
1012,600803.SH,20200313,20191231,4.9859,1.4472,0.1173
1013,600805.SH,20200328,20191231,5.1466,0.3323,0.7575
1014,600808.SH,20200331,20191231,0.7748,1.0848,0.604
1015,600810.SH,20200410,20191231,1.5515,2.8423,0.4682
1016,600812.SH,20200331,20191231,0.1145,2.1407,0.1478
1017,600814.SH,20200402,20191231,2.3576,0.02,0.2174
1018,600817.SH,20200310,20191231,-1.7277,1.3193,0.0512
1019,600818.SH,20200418,20191231,0.4823,0.1986,0.0869
1020,600819.SH,20200410,20191231,0.7674,1.2368,0.5265
1021,600820.SH,20200417,20191231,3.3775,2.1732,0.3244
1022,600823.SH,20200326,20191231,4.3479,0.2074,0.2024
1023,600825.SH,20200417,20191231,0.7648,0.5325,0.1861
1024,600826.SH,20200418,20191231,4.9983,0.3239,0.5005
1025,600828.SH,20200325,20191231,1.4988,0.0434,0.0962
1026,600829.SH,20200411,20191231,2.0381,,0.1475
1027,600830.SH,20200418,20191231,2.1858,1.2307,0.2509
1028,600833.SH,20200414,20191231,1.0909,0.2922,0.2233
1029,600834.SH,20200418,20191231,1.5784,0.0584,0.4606
1030,600835.SH,20200403,20191231,6.8306,1.9923,1.2913
1031,600837.SH,20200327,20191231,3.2047,4.9146,0.603
1032,600839.SH,20200418,20191231,0.9984,0.7962,0.0229
1033,600841.SH,20200410,20191231,1.4218,1.3094,0.6456
1034,600853.SH,20200420,20191231,0.7171,0.3103,0.038
1035,600854.SH,20200328,20191231,-1.1423,2.9543,1.0025
1036,600857.SH,20200331,20191231,-0.4901,0.2901,0.2875
1037,600858.SH,20200410,20191231,2.8825,1.8565,0.1935
1038,600860.SH,20200328,20191231,-1.9443,1.6288,0.1082
1039,600862.SH,20200316,20191231,0.586,1.0403,0.1875
1040,600865.SH,20200418,20191231,2.9128,0.6205,0.5171
1041,600866.SH,20200317,20191231,-0.6406,1.4638,0.2339
1042,600867.SH,20200415,20191231,0.7528,0.4595,0.3077
1043,600868.SH,20200228,20191231,-0.0189,0.2162,0.0337
1044,600871.SH,20200325,20191231,-1.2913,0.6171,0.0106
1045,600872.SH,20200317,20191231,3.4501,0.1148,0.3715
1046,600873.SH,20200416,20191231,1.0453,0.6965,0.2093
1047,600874.SH,20200327,20191231,2.6327,0.302,0.3911
1048,600875.SH,20200328,20191231,4.6026,3.6707,0.2935
1049,600877.SH,20200411,20191231,-0.632,0.0,0.0223
1050,600879.SH,20200327,20191231,1.6913,1.7567,0.0483
1051,600880.SH,20200410,20191231,0.5294,0.7559,0.3222
1052,600883.SH,20200416,20191231,1.1526,0.0277,0.2851
1053,600886.SH,20200418,20191231,3.1209,0.9522,0.3093
1054,600888.SH,20200324,20191231,0.7437,2.4569,0.1771
1055,600889.SH,20200410,20191231,0.6261,1.4698,0.6599
1056,600891.SH,20200303,20191231,-6.2173,2.4303,0.1446
1057,600893.SH,20200418,20191231,2.4429,9.2031,0.2194
1058,600895.SH,20200416,20191231,2.9075,1.7024,0.3831
1059,600896.SH,20200229,20191231,-1.3991,2.108,0.1568
1060,600897.SH,20200417,20191231,9.2915,0.6077,1.6453
1061,600908.SH,20200328,20191231,0.4484,0.5172,2.8268
1062,600909.SH,20200330,20191231,0.7206,1.4113,0.1512
1063,600919.SH,20200411,20191231,3.0548,1.3991,1.4755
1064,600929.SH,20200403,20191231,0.963,0.6412,0.1002
1065,600933.SH,20200415,20191231,1.43,2.1274,0.2577
1066,600958.SH,20200328,20191231,0.9685,4.0401,0.4927
1067,600962.SH,20200401,20191231,0.0239,2.0072,0.1393
1068,600963.SH,20200311,20191231,0.6044,4.2574,0.1787
1069,600968.SH,20200410,20191231,0.5141,0.1665,0.1243
1070,600970.SH,20200324,20191231,3.8527,0.6548,0.3196
1071,600973.SH,20200331,20191231,0.9744,0.9944,0.1227
1072,600975.SH,20200414,20191231,0.2778,0.3865,0.1217
1073,600976.SH,20200418,20191231,3.9111,1.9652,0.956
1074,600980.SH,20200414,20191231,1.0526,1.8536,0.1919
1075,600982.SH,20200317,20191231,0.6912,1.2824,0.0734
1076,600985.SH,20200328,20191231,4.2918,2.7015,0.523
1077,600987.SH,20200410,20191231,3.0478,0.0517,0.3582
1078,600989.SH,20200316,20191231,1.0469,0.9911,0.1261
1079,600997.SH,20200410,20191231,3.5235,1.6166,0.794
1080,600999.SH,20200328,20191231,2.8743,4.1099,0.7816
1081,601003.SH,20200415,20191231,2.5887,0.0813,0.7543
1082,601005.SH,20200330,20191231,-1.0499,2.162,0.0681
1083,601008.SH,20200327,20191231,0.3786,1.6566,0.1268
1084,601010.SH,20200415,20191231,0.8741,0.4563,0.2512
1085,601015.SH,20200326,20191231,0.8133,1.5353,0.1104
1086,601016.SH,20200331,20191231,0.4482,0.2821,0.0487
1087,601018.SH,20200411,20191231,1.2001,0.6535,0.1906
1088,601066.SH,20200327,20191231,2.2943,1.1448,0.4673
1089,601068.SH,20200331,20191231,1.359,0.2688,0.0681
1090,601069.SH,20200331,20191231,0.7727,0.799,0.096
1091,601077.SH,20200327,20191231,2.8627,1.7987,0.9935
1092,601086.SH,20200418,20191231,0.677,0.4896,0.1794
1093,601088.SH,20200328,20191231,11.6996,3.757,0.5748
1094,601107.SH,20200331,20191231,1.4529,0.6062,1.9031
1095,601111.SH,20200401,20191231,2.8632,1.8087,0.7592
1096,601116.SH,20200417,20191231,0.9049,3.6323,0.2466
1097,601118.SH,20200415,20191231,-0.0018,1.1818,0.0964
1098,601126.SH,20200327,20191231,1.9215,1.7316,0.3387
1099,601138.SH,20200331,20191231,2.1308,1.3444,0.0373
1100,601155.SH,20200328,20191231,14.4582,1.1868,0.4642
1101,601158.SH,20200402,20191231,0.7238,0.9613,0.3347
1102,601168.SH,20200313,20191231,0.6159,2.2708,0.2284
1103,601186.SH,20200331,20191231,7.9155,3.2516,0.3397
1104,601200.SH,20200410,20191231,3.5459,2.2761,0.262
1105,601211.SH,20200325,20191231,4.6403,5.1873,0.8052
1106,601228.SH,20200331,20191231,0.7501,0.3007,0.088
1107,601231.SH,20200408,20191231,2.8152,0.7889,0.1794
1108,601236.SH,20200330,20191231,0.6068,1.5226,0.1922
1109,601238.SH,20200401,20191231,4.0594,2.2177,0.4631
1110,601288.SH,20200331,20191231,2.1175,0.4959,0.4998
1111,601298.SH,20200327,20191231,1.4935,1.899,0.1969
1112,601318.SH,20200221,20191231,23.7223,7.0378,0.6654
1113,601319.SH,20200328,20191231,2.1242,0.17,0.2838
1114,601326.SH,20200328,20191231,0.3923,0.932,0.2388
1115,601328.SH,20200328,20191231,2.3853,1.5305,2.7571
1116,601330.SH,20200328,20191231,1.0306,0.7398,0.0752
1117,601333.SH,20200331,20191231,1.0254,1.6323,0.4354
1118,601336.SH,20200326,20191231,12.8452,7.6506,2.358
1119,601369.SH,20200410,20191231,1.0946,1.1876,0.6431
1120,601390.SH,20200331,20191231,3.9749,2.257,0.3963
1121,601398.SH,20200328,20191231,3.8398,0.4182,0.8201
1122,601512.SH,20200416,20191231,4.6385,0.8233,0.2997
1123,601518.SH,20200321,20191231,1.0759,0.4638,0.1686
1124,601577.SH,20200330,20191231,4.4653,1.7244,0.5909
1125,601579.SH,20200417,20191231,1.7935,3.4354,0.2691
1126,601598.SH,20200401,20191231,1.9147,0.8205,0.1215
1127,601600.SH,20200327,20191231,-0.1248,1.6524,0.3392
1128,601601.SH,20200323,20191231,7.791,7.3549,0.5335
1129,601607.SH,20200328,20191231,7.7305,5.5314,0.5868
1130,601608.SH,20200324,20191231,0.0203,0.4561,0.1836
1131,601618.SH,20200401,20191231,1.3088,1.0846,0.0844
1132,601619.SH,20200310,20191231,0.3374,0.2494,0.0156
1133,601628.SH,20200326,20191231,6.0317,1.9462,2.6592
1134,601636.SH,20200410,20191231,1.2082,0.7246,0.2101
1135,601658.SH,20200326,20191231,1.8263,1.1308,0.4227
1136,601688.SH,20200331,20191231,2.5536,7.7441,0.5639
1137,601696.SH,20200326,20191231,0.5354,2.4565,0.1471
1138,601698.SH,20200417,20191231,0.2924,1.4687,0.0235
1139,601717.SH,20200328,20191231,3.1692,2.4846,0.4566
1140,601727.SH,20200416,20191231,1.5052,1.3183,0.3775
1141,601766.SH,20200331,20191231,2.1992,1.4198,0.1329
1142,601788.SH,20200328,20191231,2.1222,5.0488,0.6445
1143,601798.SH,20200418,20191231,0.9889,2.8121,0.1408
1144,601799.SH,20200418,20191231,6.4067,9.63,0.6494
1145,601800.SH,20200401,20191231,7.9538,1.9167,0.3674
1146,601801.SH,20200418,20191231,2.3965,1.2298,0.6013
1147,601808.SH,20200326,20191231,3.6039,2.5916,0.5257
1148,601811.SH,20200331,20191231,2.9414,2.085,0.6422
1149,601816.SH,20200416,20191231,0.272,2.3377,0.0982
1150,601818.SH,20200328,20191231,2.2956,1.0199,0.5
1151,601828.SH,20200418,20191231,9.7146,1.1944,0.5507
1152,601857.SH,20200327,20191231,4.033,0.6956,1.0779
1153,601860.SH,20200325,20191231,0.6239,0.8132,0.4365
1154,601865.SH,20200420,20191231,6.1025,1.7213,0.397
1155,601866.SH,20200328,20191231,0.5673,0.0286,0.1337
1156,601878.SH,20200319,20191231,1.4024,1.1943,0.1671
1157,601880.SH,20200327,20191231,0.1497,0.2279,0.0695
1158,601881.SH,20200328,20191231,1.866,2.4684,0.6002
1159,601882.SH,20200317,20191231,0.7822,0.5563,0.1153
1160,601886.SH,20200331,20191231,2.2708,3.4829,0.2205
1161,601898.SH,20200321,20191231,2.7548,2.9301,0.3419
1162,601899.SH,20200321,20191231,0.946,0.7365,0.052
1163,601916.SH,20200330,20191231,1.3628,1.5054,0.343
1164,601919.SH,20200331,20191231,-0.8381,2.7243,0.0695
1165,601939.SH,20200330,20191231,4.4659,0.5381,0.9967
1166,601958.SH,20200411,20191231,0.6887,2.093,0.2619
1167,601966.SH,20200414,20191231,5.4724,2.2214,0.3745
1168,601969.SH,20200327,20191231,-0.8191,1.559,0.2278
1169,601975.SH,20200320,20191231,-0.9486,0.8068,0.067
1170,601988.SH,20200328,20191231,2.6392,0.462,0.5936
1171,601990.SH,20200402,20191231,0.4907,1.2734,0.1226
1172,601991.SH,20200331,20191231,0.023,0.3753,0.8638
1173,601992.SH,20200401,20191231,2.4823,0.6026,0.1805
1174,601996.SH,20200410,20191231,0.6486,0.6666,0.0938
1175,601998.SH,20200327,20191231,4.1568,1.2052,0.7972
1176,603000.SH,20200417,20191231,0.9983,0.7164,0.1781
1177,603005.SH,20200323,20191231,3.2804,3.8436,0.4981
1178,603013.SH,20200402,20191231,3.3823,1.3973,0.569
1179,603016.SH,20200327,20191231,2.3362,1.8624,0.4133
1180,603018.SH,20200326,20191231,3.4897,1.4376,0.3871
1181,603019.SH,20200328,20191231,1.844,1.6115,0.1422
1182,603022.SH,20200410,20191231,1.3951,0.6737,0.1217
1183,603025.SH,20200310,20191231,0.5056,0.2181,0.2373
1184,603026.SH,20200410,20191231,4.8684,2.063,0.7088
1185,603027.SH,20200418,20191231,1.4588,0.7423,0.198
1186,603039.SH,20200331,20191231,3.2387,1.6436,0.3909
1187,603041.SH,20200320,20191231,3.3184,3.2237,0.429
1188,603042.SH,20200418,20191231,1.0619,3.7368,0.1338
1189,603050.SH,20200416,20191231,2.6925,3.0541,0.2401
1190,603058.SH,20200420,20191231,0.9791,0.2653,0.2336
1191,603060.SH,20200330,20191231,1.6861,0.9982,0.283
1192,603068.SH,20200410,20191231,2.8225,4.9512,0.3227
1193,603078.SH,20200312,20191231,2.9407,2.9681,0.3282
1194,603090.SH,20200331,20191231,1.5595,2.2232,0.2326
1195,603093.SH,20200314,20191231,1.3514,1.4853,0.1248
1196,603099.SH,20200416,20191231,1.6889,1.0708,0.2568
1197,603103.SH,20200313,20191231,1.628,0.9047,0.2316
1198,603111.SH,20200403,20191231,-1.9442,3.394,0.1066
1199,603113.SH,20200416,20191231,4.0196,2.6396,0.4979
1200,603121.SH,20200410,20191231,1.0998,2.889,0.1382
1201,603126.SH,20200330,20191231,1.5574,0.1176,0.1755
1202,603127.SH,20200413,20191231,2.5362,1.4416,0.218
1203,603128.SH,20200327,20191231,1.1791,1.9146,0.1032
1204,603156.SH,20200418,20191231,7.5554,2.7701,0.5
1205,603158.SH,20200416,20191231,2.6564,1.2674,0.2946
1206,603161.SH,20200331,20191231,2.8609,5.3622,0.3912
1207,603165.SH,20200404,20191231,4.6337,1.7553,0.5
1208,603166.SH,20200326,20191231,0.7378,1.7629,0.1517
1209,603167.SH,20200416,20191231,3.7148,2.0656,0.5416
1210,603179.SH,20200328,20191231,3.0419,3.0475,0.3626
1211,603180.SH,20200410,20191231,9.553,6.8129,0.5647
1212,603181.SH,20200401,20191231,2.7289,1.8923,0.1863
1213,603183.SH,20200416,20191231,1.6995,2.4943,0.0643
1214,603185.SH,20200318,20191231,3.2905,4.9439,0.4454
1215,603186.SH,20200312,20191231,3.0521,1.4035,0.2865
1216,603187.SH,20200310,20191231,5.0443,6.3365,0.7106
1217,603189.SH,20200418,20191231,0.918,1.6864,0.151
1218,603192.SH,20200418,20191231,3.1501,6.7111,0.4136
1219,603208.SH,20200418,20191231,7.7174,6.4046,1.1125
1220,603214.SH,20200327,20191231,4.5276,4.5466,0.2546
1221,603217.SH,20200414,20191231,8.3391,13.8285,0.511
1222,603225.SH,20200327,20191231,4.4818,2.4554,0.1542
1223,603228.SH,20200317,20191231,4.5843,3.2444,0.288
1224,603229.SH,20200403,20191231,1.4238,1.4291,0.1796
1225,603236.SH,20200415,20191231,4.6807,13.149,0.3977
1226,603238.SH,20200417,20191231,3.3113,2.732,0.3812
1227,603239.SH,20200415,20191231,1.2971,1.1122,0.2728
1228,603258.SH,20200420,20191231,2.7608,3.6397,0.5547
1229,603259.SH,20200325,20191231,3.4987,6.2307,0.0886
1230,603267.SH,20200320,20191231,3.2503,7.8832,0.4495
1231,603278.SH,20200325,20191231,2.3504,2.0714,0.2916
1232,603288.SH,20200326,20191231,4.141,0.4928,0.5069
1233,603289.SH,20200418,20191231,1.4583,1.2174,0.1987
1234,603290.SH,20200408,20191231,2.9768,0.3662,0.3273
1235,603300.SH,20200415,20191231,0.8578,0.9741,0.0736
1236,603303.SH,20200312,20191231,2.6977,1.7268,0.3029
1237,603305.SH,20200408,20191231,1.5082,0.9615,0.2491
1238,603309.SH,20200414,20191231,2.3128,1.5388,0.2864
1239,603317.SH,20200331,20191231,1.8877,1.1767,0.3938
1240,603318.SH,20200326,20191231,-0.1074,1.2659,0.0688
1241,603319.SH,20200411,20191231,4.4572,1.8209,0.6567
1242,603320.SH,20200416,20191231,2.9964,2.1822,0.2888
1243,603322.SH,20200418,20191231,0.3226,1.1325,0.1089
1244,603326.SH,20200414,20191231,1.5904,1.5565,0.1193
1245,603327.SH,20200320,20191231,1.0809,0.9027,0.1467
1246,603331.SH,20200330,20191231,2.2447,2.4808,0.2823
1247,603335.SH,20200313,20191231,0.2011,0.0431,0.0372
1248,603336.SH,20200313,20191231,1.8924,0.8752,0.1085
1249,603337.SH,20200331,20191231,3.225,1.3833,0.3785
1250,603339.SH,20200416,20191231,4.3996,2.7237,0.2487
1251,603345.SH,20200414,20191231,5.589,5.3629,0.3752
1252,603348.SH,20200331,20191231,2.657,5.562,0.1252
1253,603360.SH,20200320,20191231,2.6033,1.4445,0.4873
1254,603363.SH,20200410,20191231,0.4904,0.5913,0.0486
1255,603365.SH,20200411,20191231,3.8266,3.3728,0.5004
1256,603378.SH,20200418,20191231,3.1279,2.9692,0.095
1257,603380.SH,20200417,20191231,1.7666,2.2933,0.289
1258,603383.SH,20200408,20191231,4.2228,3.7425,0.5
1259,603385.SH,20200320,20191231,5.2975,2.4699,0.3689
1260,603386.SH,20200409,20191231,0.8638,2.6978,0.0785
1261,603387.SH,20200324,20191231,2.574,2.3426,0.3956
1262,603393.SH,20200331,20191231,3.9301,4.8185,0.5315
1263,603396.SH,20200416,20191231,3.2966,4.0177,0.315
1264,603429.SH,20200408,20191231,1.5974,1.7418,0.0717
1265,603444.SH,20200409,20191231,26.1366,15.407,0.5
1266,603456.SH,20200409,20191231,1.1437,1.167,0.24
1267,603466.SH,20200416,20191231,1.8663,2.7114,0.2626
1268,603477.SH,20200228,20191231,0.8893,1.557,0.1143
1269,603488.SH,20200417,20191231,1.331,1.6348,0.2572
1270,603489.SH,20200414,20191231,3.5985,11.4543,0.4702
1271,603496.SH,20200327,20191231,1.3905,1.5687,0.15
1272,603500.SH,20200320,20191231,1.3202,2.5539,0.2053
1273,603501.SH,20200410,20191231,1.1603,7.6992,0.049
1274,603507.SH,20200403,20191231,2.4807,7.5476,0.3093
1275,603508.SH,20200409,20191231,9.2842,12.4155,0.5398
1276,603516.SH,20200328,20191231,1.6267,3.5481,0.1806
1277,603520.SH,20200331,20191231,2.1767,2.3093,0.4992
1278,603528.SH,20200409,20191231,1.0256,0.32,0.2399
1279,603533.SH,20200411,20191231,1.0284,0.9469,0.1181
1280,603535.SH,20200402,20191231,4.7747,4.1931,0.529
1281,603536.SH,20200416,20191231,1.6361,1.0561,0.1443
1282,603558.SH,20200311,20191231,1.9429,4.589,0.1253
1283,603569.SH,20200418,20191231,2.3261,0.6966,0.3127
1284,603577.SH,20200325,20191231,1.3224,3.5465,0.1615
1285,603578.SH,20200328,20191231,2.2033,3.2073,0.3845
1286,603579.SH,20200327,20191231,5.7747,5.0795,0.5
1287,603580.SH,20200327,20191231,1.4676,0.5802,0.1532
1288,603587.SH,20200408,20191231,2.7742,3.9625,0.5178
1289,603595.SH,20200320,20191231,0.761,3.1222,0.1827
1290,603596.SH,20200402,20191231,2.653,1.6185,0.2897
1291,603605.SH,20200402,20191231,4.5134,4.1504,0.5
1292,603606.SH,20200402,20191231,1.3425,0.7189,0.1941
1293,603609.SH,20200331,20191231,3.9094,0.9571,0.3817
1294,603613.SH,20200320,20191231,2.4192,4.1908,0.0558
1295,603615.SH,20200404,20191231,1.6711,2.8502,0.1992
1296,603617.SH,20200331,20191231,1.7163,1.2916,0.2364
1297,603636.SH,20200403,20191231,1.1492,1.4035,0.1314
1298,603637.SH,20200410,20191231,1.4381,1.4947,0.5623
1299,603638.SH,20200418,20191231,1.7003,1.9495,0.1735
1300,603656.SH,20200418,20191231,2.6725,2.1865,0.3773
1301,603657.SH,20200415,20191231,2.2989,5.3978,0.3488
1302,603659.SH,20200327,20191231,4.2045,2.6131,0.1278
1303,603663.SH,20200320,20191231,1.3494,0.2602,0.1794
1304,603666.SH,20200416,20191231,4.6917,6.034,0.6622
1305,603668.SH,20200228,20191231,1.046,1.2832,0.2284
1306,603669.SH,20200418,20191231,0.5612,0.7803,0.2367
1307,603677.SH,20200222,20191231,1.5879,2.3768,0.2668
1308,603678.SH,20200318,20191231,3.1888,2.4449,0.3005
1309,603686.SH,20200415,20191231,2.4811,2.1243,0.3821
1310,603696.SH,20200417,20191231,0.4541,0.8825,0.18
1311,603700.SH,20200410,20191231,2.7789,3.5665,0.5
1312,603706.SH,20200417,20191231,1.904,3.7993,0.4794
1313,603712.SH,20200318,20191231,0.9772,1.2109,0.1257
1314,603713.SH,20200402,20191231,3.7672,4.4558,0.119
1315,603725.SH,20200416,20191231,1.0118,1.7706,0.1323
1316,603727.SH,20200320,20191231,2.7711,6.4018,0.2238
1317,603733.SH,20200403,20191231,1.6341,3.0806,0.1892
1318,603737.SH,20200410,20191231,5.917,1.9989,0.5
1319,603776.SH,20200420,20191231,9.5309,3.4138,0.6327
1320,603799.SH,20200328,20191231,3.4106,2.4165,0.1737
1321,603801.SH,20200416,20191231,3.8289,3.9337,0.4943
1322,603806.SH,20200321,20191231,7.7871,2.6617,0.5102
1323,603813.SH,20200331,20191231,3.404,2.8791,0.3373
1324,603817.SH,20200410,20191231,1.1228,1.3901,0.1216
1325,603822.SH,20200218,20191231,5.3954,3.0975,0.5626
1326,603823.SH,20200418,20191231,3.6763,1.919,0.4601
1327,603826.SH,20200331,20191231,0.9966,0.8197,0.1487
1328,603838.SH,20200417,20191231,1.1453,0.5246,0.1383
1329,603839.SH,20200403,20191231,3.3541,2.4164,0.4611
1330,603856.SH,20200326,20191231,2.7438,2.5501,0.3522
1331,603860.SH,20200331,20191231,4.7672,3.31,0.5324
1332,603866.SH,20200415,20191231,2.4406,1.5773,0.5149
1333,603878.SH,20200331,20191231,3.2844,3.5505,0.4851
1334,603879.SH,20200417,20191231,0.6383,0.9289,0.1052
1335,603881.SH,20200314,20191231,2.3532,1.7416,0.1207
1336,603885.SH,20200411,20191231,2.5967,2.6004,0.3608
1337,603886.SH,20200417,20191231,2.4396,2.1453,0.6193
1338,603887.SH,20200331,20191231,2.2848,9.0056,0.1863
1339,603889.SH,20200409,20191231,1.5524,1.8747,0.2043
1340,603896.SH,20200402,20191231,2.6077,4.4037,0.4069
1341,603897.SH,20200415,20191231,3.5516,5.1895,0.4054
1342,603899.SH,20200414,20191231,2.7917,0.296,0.4785
1343,603901.SH,20200418,20191231,1.0235,0.9729,0.1242
1344,603903.SH,20200417,20191231,2.3836,2.7625,0.1682
1345,603916.SH,20200416,20191231,2.9328,3.4473,0.4279
1346,603917.SH,20200416,20191231,2.8903,1.8487,0.3973
1347,603919.SH,20200331,20191231,2.6197,2.532,0.3613
1348,603920.SH,20200415,20191231,1.6713,3.3915,0.3193
1349,603927.SH,20200417,20191231,1.9752,1.3298,0.4653
1350,603929.SH,20200327,20191231,2.8036,1.2121,0.3615
1351,603933.SH,20200320,20191231,1.9515,1.9854,0.1786
1352,603938.SH,20200320,20191231,3.4488,2.5862,0.4835
1353,603939.SH,20200409,20191231,3.8433,7.0052,0.2089
1354,603955.SH,20200415,20191231,4.3342,4.9289,0.5178
1355,603967.SH,20200409,20191231,2.3437,3.3604,0.3211
1356,603968.SH,20200418,20191231,3.9848,1.9414,0.5142
1357,603977.SH,20200415,20191231,1.103,2.7139,0.1869
1358,603979.SH,20200415,20191231,3.2994,2.7317,0.2434
1359,603986.SH,20200327,20191231,4.779,10.0077,0.5
1360,603987.SH,20200331,20191231,1.2494,1.3149,0.1585
1361,603989.SH,20200331,20191231,1.82,2.147,0.4636
1362,603992.SH,20200414,20191231,0.8533,2.4929,0.1593
1363,603993.SH,20200330,20191231,0.3742,1.277,0.0596
1364,603995.SH,20200420,20191231,5.3998,5.7531,0.4044
1365,603997.SH,20200331,20191231,0.7659,2.5996,0.1773
1366,688001.SH,20200416,20191231,0.7494,2.8728,0.1074
1367,688002.SH,20200408,20191231,0.706,3.5073,0.0496
1368,688003.SH,20200418,20191231,1.0784,6.2114,0.1593
1369,688009.SH,20200326,20191231,0.9711,1.5075,0.1268
1370,688011.SH,20200417,20191231,0.9015,10.2345,0.1033
1371,688012.SH,20200417,20191231,-0.9014,6.8969,0.05
1372,688015.SH,20200409,20191231,1.4851,4.0879,0.1987
1373,688016.SH,20200330,20191231,2.2794,11.2383,0.292
1374,688018.SH,20200310,20191231,3.6027,15.1804,0.139
1375,688021.SH,20200416,20191231,1.608,7.9268,0.2218
1376,688023.SH,20200415,20191231,2.8176,16.7653,0.347
1377,688025.SH,20200420,20191231,2.2036,13.5986,0.2109
1378,688028.SH,20200415,20191231,2.7161,6.8019,0.2943
1379,688029.SH,20200331,20191231,3.463,13.6861,0.4104
1380,688058.SH,20200416,20191231,4.067,17.8862,0.5299
1381,688101.SH,20200410,20191231,3.6698,4.5367,0.2635
1382,688111.SH,20200325,20191231,2.0676,9.9528,0.1295
1383,688122.SH,20200331,20191231,0.6199,3.9728,0.2184
1384,688123.SH,20200417,20191231,0.7106,9.1705,0.1086
1385,688138.SH,20200416,20191231,1.2606,1.8071,0.1433
1386,688139.SH,20200326,20191231,0.7472,5.8971,0.0741
1387,688159.SH,20200415,20191231,2.0553,4.1049,0.296
1388,688166.SH,20200410,20191231,0.4599,1.7098,0.0506
1389,688168.SH,20200420,20191231,3.1794,15.1472,0.2058
1390,688178.SH,20200420,20191231,3.9668,3.3681,0.4159
1391,688186.SH,20200331,20191231,1.8714,5.0511,0.1592
1392,688196.SH,20200326,20191231,5.3158,10.4924,0.4243
1393,688199.SH,20200418,20191231,4.3273,18.3366,0.2843
1394,688202.SH,20200416,20191231,2.5875,12.1893,0.2401
1395,688208.SH,20200331,20191231,1.4882,0.2399,0.1924
1396,688278.SH,20200330,20191231,0.1998,0.3139,0.0504
1397,688288.SH,20200404,20191231,0.9289,6.4239,0.1328
1398,688299.SH,20200416,20191231,0.901,3.7039,0.0989
1399,688357.SH,20200420,20191231,2.0544,11.7666,0.2498
1400,688358.SH,20200331,20191231,1.7077,11.637,0.2935
1401,688366.SH,20200327,20191231,10.3833,18.4519,0.5
1402,688388.SH,20200331,20191231,2.6595,6.9595,0.3115
1403,688389.SH,20200331,20191231,0.2866,1.1475,0.052
1404,688398.SH,20200417,20191231,3.2275,0.7976,0.4358
