,ts_code,ann_date,f_ann_date,end_date,c_recp_return_invest,n_cashflow_act
0,000001.SZ,20200214,20200214,20191231,30934000000.0,-40025000000.0
1,000002.SZ,20200318,20200318,20191231,2911602779.14,45686809515.08
2,000006.SZ,20200409,20200409,20191231,,-194256904.36
3,000011.SZ,20200318,20200318,20191231,,939789565.96
4,000014.SZ,20200327,20200327,20191231,,32487473.29
5,000025.SZ,20200403,20200403,20191231,54752103.23,78911353.03
6,000026.SZ,20200320,20200320,20191231,,444820768.61
7,000029.SZ,20200314,20200314,20191231,37502720.55,603607724.75
8,000031.SZ,20200331,20200331,20191231,309388551.77,4064992371.91
9,000034.SZ,20200331,20200331,20191231,64121425.71,1499628700.32
10,000037.SZ,20200320,20200320,20191231,6273.97,202943908.61
11,000039.SZ,20200327,20200327,20191231,198926000.0,3538522000.0
12,000045.SZ,20200314,20200314,20191231,5821323.94,383145788.5
13,000049.SZ,20200417,20200417,20191231,14034176.29,1594569915.55
14,000050.SZ,20200318,20200318,20191231,,4760660819.6
15,000055.SZ,20200418,20200418,20191231,59694513.21,-5284830.77
16,000059.SZ,20200403,20200403,20191231,5200000.0,2723475056.01
17,000060.SZ,20200310,20200310,20191231,193975675.8,2221317093.4
18,000062.SZ,20200326,20200326,20191231,1819174.57,694563669.15
19,000063.SZ,20200328,20200328,20191231,210091000.0,7446554000.0
20,000065.SZ,20200420,20200420,20191231,5861753.36,-1578507979.3
21,000088.SZ,20200409,20200409,20191231,377490031.08,259523794.73
22,000089.SZ,20200328,20200328,20191231,77147664.11,963530678.46
23,000090.SZ,20200414,20200414,20191231,17093736.05,292417758.34
24,000096.SZ,20200331,20200331,20191231,71814922.87,104395678.36
25,000099.SZ,20200324,20200324,20191231,7691417.37,765760163.1
26,000100.SZ,20200331,20200331,20191231,814671000.0,11490096000.0
27,000151.SZ,20200325,20200325,20191231,,-526157266.14
28,000157.SZ,20200331,20200331,20191231,843630394.29,6219349490.09
29,000166.SZ,20200328,20200328,20191231,3288775070.12,10115907964.23
30,000301.SZ,20200409,20200409,20191231,70829442.76,5215122982.16
31,000338.SZ,20200327,20200327,20191231,381796817.72,23834693282.66
32,000400.SZ,20200410,20200410,20191231,,76031068.53
33,000401.SZ,20200319,20200319,20191231,368977451.93,8219097476.16
34,000404.SZ,20200411,20200411,20191231,30202646.62,782449500.7
35,000407.SZ,20200328,20200328,20191231,5362287.24,590797664.03
36,000409.SZ,20200328,20200328,20191231,,-23936163.47
37,000416.SZ,20200321,20200321,20191231,6356704.86,-92577962.8
38,000417.SZ,20200328,20200328,20191231,23298777.3,-393519600.1
39,000419.SZ,20200418,20200418,20191231,34529963.72,-70865957.11
40,000420.SZ,20200410,20200410,20191231,,74933366.42
41,000421.SZ,20200417,20200417,20191231,20368408.73,-906643524.53
42,000423.SZ,20200327,20200327,20191231,92186986.06,-1119993996.91
43,000428.SZ,20200330,20200330,20191231,,391211419.77
44,000429.SZ,20200407,20200407,20191231,420177836.09,1988551897.83
45,000488.SZ,20200328,20200328,20191231,12000000.0,12232707222.94
46,000502.SZ,20200330,20200330,20191231,,-11656244.82
47,000505.SZ,20200328,20200328,20191231,8600589.61,297366794.05
48,000507.SZ,20200416,20200416,20191231,123809838.8,305400200.11
49,000509.SZ,20200331,20200331,20191231,,-6361382.4
50,000513.SZ,20200326,20200326,20191231,8471843.49,1767162882.77
51,000514.SZ,20200326,20200326,20191231,6000000.0,162298095.18
52,000520.SZ,20200417,20200417,20191231,29021.06,52220802.68
53,000521.SZ,20200328,20200328,20191231,53507866.92,1285003985.04
54,000523.SZ,20200415,20200415,20191231,4293672.96,-556824311.36
55,000529.SZ,20200418,20200418,20191231,,149041526.0
56,000530.SZ,20200418,20200418,20191231,112384931.89,12695071.81
57,000531.SZ,20200418,20200418,20191231,55675167.55,757405602.54
58,000532.SZ,20200325,20200325,20191231,48595720.38,150316661.75
59,000534.SZ,20200229,20200229,20191231,2442.89,155333410.42
60,000538.SZ,20200327,20200327,20191231,267635121.35,2104744825.43
61,000539.SZ,20200418,20200418,20191231,239149433.0,8272683112.0
62,000541.SZ,20200410,20200410,20191231,51173422.0,508084757.46
63,000544.SZ,20200328,20200328,20191231,6889227.9,770517451.95
64,000546.SZ,20200415,20200415,20191231,19695726.35,641765715.23
65,000548.SZ,20200328,20200328,20191231,0.0,-68901283.52
66,000550.SZ,20200326,20200326,20191231,47385707.0,2736867238.0
67,000551.SZ,20200324,20200324,20191231,13767877.79,282617264.97
68,000552.SZ,20200331,20200331,20191231,7841327.23,463056160.73
69,000555.SZ,20200331,20200331,20191231,5099072.24,289967552.2
70,000557.SZ,20200328,20200328,20191231,1086284.56,173056016.35
71,000559.SZ,20200420,20200420,20191231,98996060.83,1276455926.64
72,000561.SZ,20200411,20200411,20191231,3628416.21,238307970.52
73,000565.SZ,20200320,20200320,20191231,5944562.46,12879720.93
74,000570.SZ,20200411,20200411,20191231,8488216.45,-20542857.52
75,000572.SZ,20200331,20200331,20191231,17841474.99,-58263765.98
76,000573.SZ,20200414,20200414,20191231,456164.38,-292783060.66
77,000576.SZ,20200328,20200328,20191231,5831406.87,-3295348.22
78,000582.SZ,20200418,20200418,20191231,,1552455593.76
79,000586.SZ,20200408,20200408,20191231,,-14837915.66
80,000590.SZ,20200409,20200409,20191231,,29208436.19
81,000591.SZ,20200418,20200418,20191231,5567174.29,1823526056.7
82,000597.SZ,20200420,20200420,20191231,,352599584.1
83,000598.SZ,20200402,20200402,20191231,,1881443807.79
84,000600.SZ,20200324,20200324,20191231,258187102.22,2484173637.85
85,000603.SZ,20200317,20200317,20191231,9856512.65,597693409.65
86,000610.SZ,20200415,20200415,20191231,10566771.36,-41208320.71
87,000612.SZ,20200326,20200326,20191231,60000996.07,727165738.46
88,000613.SZ,20200321,20200321,20191231,,4713661.51
89,000617.SZ,20200402,20200402,20191231,7274727364.2,30033523276.48
90,000619.SZ,20200321,20200321,20191231,11056198.31,172128569.94
91,000627.SZ,20200415,20200415,20191231,9217544908.6,28599558516.6
92,000628.SZ,20200229,20200229,20191231,5301796.15,-243347315.69
93,000629.SZ,20200331,20200331,20191231,33211949.14,3281821608.99
94,000631.SZ,20200326,20200326,20191231,,361106832.34
95,000635.SZ,20200331,20200331,20191231,7282333.33,-80978192.92
96,000652.SZ,20200410,20200410,20191231,128298033.79,1275327542.91
97,000655.SZ,20200321,20200321,20191231,40638471.61,430771749.45
98,000656.SZ,20200324,20200324,20191231,1095997.81,2238735231.98
99,000661.SZ,20200327,20200327,20191231,24932900.3,1934670685.08
100,000666.SZ,20200325,20200325,20191231,117059852.75,16151262.5
101,000670.SZ,20200320,20200320,20191231,,-26005033.49
102,000672.SZ,20200415,20200415,20191231,31876087.1,3124977972.35
103,000680.SZ,20200327,20200327,20191231,60754581.31,402212825.55
104,000682.SZ,20200415,20200415,20191231,6704937.33,508350957.01
105,000686.SZ,20200410,20200410,20191231,483090388.57,7828127331.59
106,000688.SZ,20200410,20200410,20191231,34504979.01,339230430.5
107,000698.SZ,20200410,20200410,20191231,,1007803547.19
108,000702.SZ,20200403,20200403,20191231,96200.0,92052932.04
109,000705.SZ,20200415,20200415,20191231,1047320.69,118359124.14
110,000708.SZ,20200306,20200306,20191231,30199277.4,7926316139.91
111,000710.SZ,20200415,20200415,20191231,,123056710.01
112,000712.SZ,20200306,20200306,20191231,35160159.08,2543021731.44
113,000715.SZ,20200402,20200402,20191231,4255595.76,156014294.51
114,000717.SZ,20200331,20200331,20191231,,2070808843.72
115,000718.SZ,20200415,20200415,20191231,32587559.13,-593490155.96
116,000721.SZ,20200415,20200415,20191231,,-33751788.39
117,000722.SZ,20200328,20200328,20191231,4969272.9,129171692.95
118,000727.SZ,20200415,20200415,20191231,,637322531.17
119,000728.SZ,20200330,20200330,20191231,53172406.59,4782949394.5
120,000733.SZ,20200418,20200418,20191231,170889739.97,259506185.23
121,000735.SZ,20200331,20200331,20191231,43437036.44,-38177645.31
122,000736.SZ,20200407,20200407,20191231,358242609.3,-4611721889.59
123,000737.SZ,20200401,20200401,20191231,4098510.79,9180339.49
124,000738.SZ,20200410,20200410,20191231,,1164397161.49
125,000739.SZ,20200312,20200312,20191231,11457997.68,1360066190.36
126,000750.SZ,20200328,20200328,20191231,807844022.43,3819009116.02
127,000755.SZ,20200410,20200410,20191231,,478560437.22
128,000756.SZ,20200323,20200323,20191231,7514057.09,348271406.17
129,000768.SZ,20200331,20200331,20191231,8640696.53,553466341.63
130,000776.SZ,20200328,20200328,20191231,4310538563.89,40208933233.98
131,000779.SZ,20200331,20200331,20191231,67671.23,171492563.08
132,000786.SZ,20200321,20200321,20191231,70341383.22,1984992469.7
133,000789.SZ,20200326,20200326,20191231,56624926.55,2453107949.55
134,000790.SZ,20200417,20200417,20191231,,65027238.4
135,000791.SZ,20200328,20200328,20191231,70130923.2,1531225612.47
136,000793.SZ,20200415,20200415,20191231,47418170.34,-307341645.5
137,000795.SZ,20200313,20200313,20191231,16879377.76,267268391.96
138,000798.SZ,20200410,20200410,20191231,1643281.39,-4220887.74
139,000799.SZ,20200417,20200417,20191231,13496712.34,381909590.49
140,000800.SZ,20200328,20200328,20191231,13460883.88,2098335078.17
141,000807.SZ,20200324,20200324,20191231,552155.33,3683920646.97
142,000810.SZ,20200324,20200324,20191231,10098145.88,60738527.13
143,000818.SZ,20200407,20200407,20191231,554445.58,219974768.75
144,000819.SZ,20200331,20200331,20191231,3392836.98,46486605.74
145,000822.SZ,20200402,20200402,20191231,7326349.48,587394506.77
146,000823.SZ,20200402,20200402,20191231,4230314.65,672852481.29
147,000828.SZ,20200318,20200318,20191231,94131566.14,1490560434.88
148,000830.SZ,20200414,20200414,20191231,,3095808905.78
149,000833.SZ,20200411,20200411,20191231,1816509.91,109520182.17
150,000838.SZ,20200414,20200414,20191231,20813306.97,1826484238.3
151,000848.SZ,20200328,20200328,20191231,,675423689.39
152,000856.SZ,20200313,20200313,20191231,,9507728.57
153,000859.SZ,20200402,20200402,20191231,6303678.62,56030788.04
154,000862.SZ,20200324,20200324,20191231,,614440011.29
155,000868.SZ,20200317,20200317,20191231,7888739.45,522262692.44
156,000875.SZ,20200327,20200327,20191231,8910533.5,2630586972.91
157,000876.SZ,20200401,20200401,20191231,646305494.11,4436893031.04
158,000877.SZ,20200321,20200321,20191231,1003384.67,2676069554.79
159,000878.SZ,20200410,20200410,20191231,27095028.12,1071082933.85
160,000880.SZ,20200328,20200328,20191231,15812000.0,135920330.86
161,000885.SZ,20200420,20200420,20191231,50051763.57,1185869069.36
162,000895.SZ,20200325,20200325,20191231,142409314.58,4423615424.35
163,000897.SZ,20200312,20200312,20191231,4594088.21,496109344.52
164,000898.SZ,20200328,20200328,20191231,209000000.0,10020000000.0
165,000899.SZ,20200417,20200417,20191231,45224898.05,349307113.55
166,000903.SZ,20200415,20200415,20191231,11746231.32,1275823425.3
167,000905.SZ,20200320,20200320,20191231,117431867.66,638130947.74
168,000909.SZ,20200311,20200311,20191231,,-149758776.8
169,000911.SZ,20200413,20200413,20191231,950000.0,551456229.5
170,000912.SZ,20200327,20200327,20191231,9173675.29,187151396.35
171,000915.SZ,20200307,20200307,20191231,13074436.47,243541497.4
172,000919.SZ,20200331,20200331,20191231,42659211.79,465847095.18
173,000920.SZ,20200403,20200403,20191231,222461214.08,74403931.59
174,000921.SZ,20200415,20200415,20191231,55224136.96,2005337052.56
175,000922.SZ,20200409,20200409,20191231,11663500.0,266669388.83
176,000927.SZ,20200409,20200409,20191231,13870227.72,-702593579.14
177,000929.SZ,20200415,20200415,20191231,30643009.74,-14325199.18
178,000932.SZ,20200319,20200319,20191231,123921773.11,10770601211.89
179,000949.SZ,20200408,20200408,20191231,,267710706.26
180,000950.SZ,20200417,20200417,20191231,34359028.05,202411337.12
181,000951.SZ,20200401,20200401,20191231,,2603680460.91
182,000960.SZ,20200417,20200417,20191231,,2100877375.3
183,000965.SZ,20200320,20200320,20191231,2605845.79,-341578570.19
184,000969.SZ,20200410,20200410,20191231,3951796.48,743384903.72
185,000972.SZ,20200416,20200416,20191231,,142656995.36
186,000973.SZ,20200326,20200326,20191231,46328728.79,-328991298.91
187,000975.SZ,20200321,20200321,20191231,29311070.14,1146213017.03
188,000977.SZ,20200418,20200418,20191231,173425757.14,865349167.93
189,000978.SZ,20200326,20200326,20191231,26068717.84,188676202.71
190,000985.SZ,20200418,20200418,20191231,42525.0,119361712.66
191,000987.SZ,20200229,20200229,20191231,213119494.75,3381533439.56
192,000988.SZ,20200418,20200418,20191231,12186232.42,413254822.89
193,000990.SZ,20200418,20200418,20191231,2239853.81,1021365265.57
194,000993.SZ,20200401,20200401,20191231,11358206.01,162237545.71
195,000999.SZ,20200320,20200320,20191231,52689597.49,1971829766.14
196,001696.SZ,20200328,20200328,20191231,15075353.69,787579251.92
197,001872.SZ,20200416,20200416,20191231,1804725809.65,5501873415.94
198,001896.SZ,20200327,20200327,20191231,15827667.87,1575564903.57
199,001914.SZ,20200414,20200414,20191231,44428280.21,358910552.72
200,001965.SZ,20200418,20200418,20191231,1139202174.4,4309530492.73
201,002004.SZ,20200415,20200415,20191231,186083065.14,2082144717.55
202,002006.SZ,20200416,20200416,20191231,788580.24,-21197954.28
203,002007.SZ,20200324,20200324,20191231,124961392.74,1362760281.36
204,002011.SZ,20200321,20200321,20191231,,633756733.91
205,002012.SZ,20200331,20200331,20191231,1353003.4,128344413.19
206,002013.SZ,20200331,20200331,20191231,1798295.5,1560067711.41
207,002014.SZ,20200228,20200228,20191231,10680305.6,428432150.13
208,002019.SZ,20200415,20200415,20191231,11105019.78,937240420.29
209,002020.SZ,20200402,20200402,20191231,151799548.76,535301257.28
210,002023.SZ,20200331,20200331,20191231,26399954.41,309932486.11
211,002024.SZ,20200418,20200418,20191231,3640102000.0,-17864555000.0
212,002025.SZ,20200414,20200414,20191231,,265348926.68
213,002028.SZ,20200418,20200418,20191231,6772129.18,831389944.0
214,002029.SZ,20200418,20200418,20191231,135104162.63,327558408.25
215,002031.SZ,20200417,20200417,20191231,1590135.35,448419078.55
216,002033.SZ,20200331,20200331,20191231,14082957.53,293190041.49
217,002039.SZ,20200327,20200327,20191231,4890000.0,1974709759.99
218,002046.SZ,20200411,20200411,20191231,4285586.33,70226278.71
219,002049.SZ,20200402,20200402,20191231,9584258.97,265928883.56
220,002053.SZ,20200328,20200328,20191231,7345010.68,528618071.83
221,002054.SZ,20200229,20200229,20191231,31972766.99,177766471.68
222,002056.SZ,20200312,20200312,20191231,14205908.73,742945832.99
223,002057.SZ,20200420,20200420,20191231,3774854.63,65706617.56
224,002058.SZ,20200331,20200331,20191231,1543139.19,-7023433.15
225,002060.SZ,20200414,20200414,20191231,,3124514596.37
226,002066.SZ,20200331,20200331,20191231,,163684665.44
227,002067.SZ,20200403,20200403,20191231,2388914.5,1261013682.16
228,002075.SZ,20200331,20200331,20191231,162078556.24,304024644.69
229,002080.SZ,20200318,20200318,20191231,8273979.72,2969563548.54
230,002084.SZ,20200331,20200331,20191231,5787460.49,124147511.66
231,002097.SZ,20200326,20200326,20191231,,737419083.89
232,002099.SZ,20200123,20200123,20191231,,612399095.31
233,002106.SZ,20200411,20200411,20191231,2910071.89,616166411.42
234,002109.SZ,20200418,20200418,20191231,,329687728.0
235,002110.SZ,20200416,20200416,20191231,23388052.25,2091812219.09
236,002112.SZ,20200416,20200416,20191231,1552500.0,-40006354.16
237,002114.SZ,20200317,20200317,20191231,,337662898.05
238,002117.SZ,20200414,20200414,20191231,19779569.03,423158918.42
239,002119.SZ,20200324,20200324,20191231,,-8410488.04
240,002127.SZ,20200416,20200416,20191231,33933372.78,1254911826.62
241,002129.SZ,20200328,20200328,20191231,216317666.54,2506972805.21
242,002134.SZ,20200228,20200228,20191231,709643.85,15302240.59
243,002135.SZ,20200310,20200310,20191231,49175.11,320194744.95
244,002136.SZ,20200229,20200229,20191231,,125855063.13
245,002138.SZ,20200317,20200317,20191231,,662715967.27
246,002139.SZ,20200331,20200331,20191231,6148573.13,404477700.2
247,002140.SZ,20200331,20200331,20191231,,330257894.44
248,002145.SZ,20200410,20200410,20191231,2809808.23,560242354.94
249,002146.SZ,20200408,20200408,20191231,346164262.18,2119738883.8
250,002149.SZ,20200418,20200418,20191231,,143564422.04
251,002152.SZ,20200331,20200331,20191231,60299228.38,928652454.29
252,002155.SZ,20200324,20200324,20191231,,830766906.95
253,002156.SZ,20200331,20200331,20191231,,1415222975.2
254,002162.SZ,20200328,20200328,20191231,2999882.11,132140708.26
255,002163.SZ,20200318,20200318,20191231,,469977027.78
256,002165.SZ,20200313,20200313,20191231,2789989.94,256238564.21
257,002166.SZ,20200415,20200415,20191231,8776023.67,-168989371.43
258,002167.SZ,20200324,20200324,20191231,1709500.0,44103310.94
259,002172.SZ,20200416,20200416,20191231,81111.11,-627620902.87
260,002175.SZ,20200318,20200318,20191231,,2877965.49
261,002179.SZ,20200331,20200331,20191231,9256088.46,821750684.06
262,002181.SZ,20200309,20200309,20191231,108390658.69,12976027.34
263,002182.SZ,20200318,20200318,20191231,950496.95,307308732.44
264,002183.SZ,20200408,20200408,20191231,51530724.0,2613956558.0
265,002186.SZ,20200414,20200414,20191231,42741357.26,68510033.5
266,002187.SZ,20200415,20200415,20191231,3187236.05,209588879.73
267,002190.SZ,20200402,20200402,20191231,89100.0,-62418162.61
268,002191.SZ,20200415,20200415,20191231,87350132.71,1189888045.76
269,002199.SZ,20200418,20200418,20191231,127395.88,11197145.54
270,002200.SZ,20200409,20200409,20191231,13000000.0,-106331871.45
271,002202.SZ,20200401,20200401,20191231,86464136.49,5928782879.45
272,002205.SZ,20200416,20200416,20191231,,108249349.28
273,002206.SZ,20200413,20200413,20191231,55297.41,724641940.83
274,002208.SZ,20200414,20200414,20191231,,521138023.93
275,002211.SZ,20200407,20200407,20191231,,-245379152.72
276,002222.SZ,20200418,20200418,20191231,2833097.6,106161814.57
277,002223.SZ,20200418,20200418,20191231,18098210.62,614203042.11
278,002225.SZ,20200325,20200325,20191231,843791.12,574378475.55
279,002231.SZ,20200331,20200331,20191231,556833.1,134169915.14
280,002232.SZ,20200418,20200418,20191231,,192028691.72
281,002233.SZ,20200317,20200317,20191231,132784855.1,2077724552.45
282,002236.SZ,20200403,20200403,20191231,11205093.27,1600604287.7
283,002237.SZ,20200320,20200320,20191231,47746346.47,516218867.51
284,002238.SZ,20200410,20200410,20191231,,452633477.02
285,002239.SZ,20200417,20200417,20191231,15000000.0,140865887.99
286,002241.SZ,20200417,20200417,20191231,3932777.81,5451430414.59
287,002242.SZ,20200401,20200401,20191231,80293941.46,1253024651.38
288,002243.SZ,20200325,20200325,20191231,33175203.21,555069108.76
289,002245.SZ,20200229,20200229,20191231,4725457.42,670849044.98
290,002248.SZ,20200402,20200402,20191231,,22394652.2
291,002254.SZ,20200331,20200331,20191231,14307854.44,290174692.91
292,002258.SZ,20200312,20200312,20191231,,589723367.15
293,002261.SZ,20200414,20200414,20191231,572770.04,151872724.59
294,002262.SZ,20200328,20200328,20191231,6065745.49,305972855.81
295,002263.SZ,20200415,20200415,20191231,,205721315.25
296,002285.SZ,20200331,20200331,20191231,22711649.86,1574430963.17
297,002292.SZ,20200410,20200410,20191231,4883457.14,280882168.4
298,002293.SZ,20200418,20200418,20191231,29119093.49,761423820.09
299,002294.SZ,20200411,20200411,20191231,21806378.18,1506644799.33
300,002296.SZ,20200410,20200410,20191231,5079219.51,230703862.97
301,002299.SZ,20200328,20200328,20191231,3547298.96,4849609241.85
302,002300.SZ,20200410,20200410,20191231,2967831.28,576045633.39
303,002302.SZ,20200410,20200410,20191231,883629.59,2063988573.58
304,002303.SZ,20200328,20200328,20191231,18813019.26,441130346.32
305,002306.SZ,20200317,20200317,20191231,,-16921006.03
306,002308.SZ,20200418,20200418,20191231,14119964.21,182795246.68
307,002312.SZ,20200331,20200331,20191231,9754629.48,60796619.74
308,002315.SZ,20200208,20200208,20191231,17712531.69,152302276.2
309,002318.SZ,20200331,20200331,20191231,15266222.13,606938473.17
310,002320.SZ,20200305,20200305,20191231,713000.0,403045578.35
311,002324.SZ,20200321,20200321,20191231,,353156141.15
312,002326.SZ,20200417,20200417,20191231,9267900.01,382071954.08
313,002329.SZ,20200415,20200415,20191231,1324810.03,79361229.95
314,002333.SZ,20200411,20200411,20191231,11167503.65,20609102.87
315,002337.SZ,20200411,20200411,20191231,9139527.26,87287816.78
316,002344.SZ,20200411,20200411,20191231,4397013.15,935960981.17
317,002350.SZ,20200328,20200328,20191231,883492.87,206360058.98
318,002352.SZ,20200324,20200324,20191231,258922603.68,9121273475.49
319,002353.SZ,20200410,20200410,20191231,3408140.26,233161127.89
320,002362.SZ,20200328,20200328,20191231,16994973.28,88154130.58
321,002367.SZ,20200331,20200331,20191231,7811384.07,421322219.8
322,002370.SZ,20200314,20200314,20191231,421272.24,-55736754.67
323,002372.SZ,20200417,20200417,20191231,20194754.92,894652929.45
324,002373.SZ,20200415,20200415,20191231,8656179.04,937207167.51
325,002374.SZ,20200415,20200415,20191231,,158025340.77
326,002375.SZ,20200417,20200417,20191231,40893754.96,428560351.61
327,002379.SZ,20200320,20200320,20191231,,-112505234.9
328,002382.SZ,20200415,20200415,20191231,2460965.07,782789096.79
329,002395.SZ,20200414,20200414,20191231,26320.98,19338646.41
330,002396.SZ,20200327,20200327,20191231,20067185.45,763057151.38
331,002398.SZ,20200331,20200331,20191231,25724589.23,308300639.92
332,002401.SZ,20200328,20200328,20191231,,395146017.2
333,002402.SZ,20200409,20200409,20191231,5634459.34,471661761.59
334,002404.SZ,20200415,20200415,20191231,100234926.96,158485122.48
335,002410.SZ,20200326,20200326,20191231,32352603.05,640918549.42
336,002419.SZ,20200320,20200320,20191231,124568525.38,1458986590.27
337,002428.SZ,20200327,20200327,20191231,25783.33,-104052608.38
338,002429.SZ,20200411,20200411,20191231,60646868.97,-1479973963.17
339,002436.SZ,20200331,20200331,20191231,19102442.64,513457721.0
340,002438.SZ,20200331,20200331,20191231,16623086.07,114083241.09
341,002441.SZ,20200415,20200415,20191231,983136.97,401641065.19
342,002442.SZ,20200410,20200410,20191231,,422868588.19
343,002449.SZ,20200409,20200409,20191231,2885353.59,682122840.73
344,002452.SZ,20200325,20200325,20191231,,39134113.09
345,002453.SZ,20200417,20200417,20191231,33754726.34,245901045.03
346,002456.SZ,20200420,20200420,20191231,,3256359172.31
347,002458.SZ,20200220,20200220,20191231,,2134744427.38
348,002459.SZ,20200330,20200330,20191231,3337016.15,3690528722.82
349,002461.SZ,20200325,20200325,20191231,668438.03,758022919.3
350,002463.SZ,20200326,20200326,20191231,21399591.0,1064181249.0
351,002465.SZ,20200328,20200328,20191231,43129370.95,236453969.57
352,002469.SZ,20200410,20200410,20191231,27263177.8,15609752.06
353,002471.SZ,20200331,20200331,20191231,8232302.0,628571331.97
354,002480.SZ,20200415,20200415,20191231,,21966187.56
355,002484.SZ,20200327,20200327,20191231,27718611.89,101892750.54
356,002490.SZ,20200328,20200328,20191231,3490824.04,688353418.08
357,002492.SZ,20200324,20200324,20191231,8229681.5,153381133.92
358,002494.SZ,20200408,20200408,20191231,,-156755682.89
359,002497.SZ,20200410,20200410,20191231,14262857.4,286094435.16
360,002507.SZ,20200317,20200317,20191231,34290358.38,516502463.03
361,002518.SZ,20200331,20200331,20191231,13915143.9,983751198.6
362,002519.SZ,20200320,20200320,20191231,21811386.13,403602027.99
363,002521.SZ,20200307,20200307,20191231,21124837.62,281706729.1
364,002526.SZ,20200417,20200417,20191231,8192751.14,387666631.22
365,002533.SZ,20200415,20200415,20191231,13868642.36,199552366.57
366,002534.SZ,20200331,20200331,20191231,77182600.64,905182039.62
367,002538.SZ,20200402,20200402,20191231,5064108.71,287052349.89
368,002541.SZ,20200416,20200416,20191231,179957.8,871127240.95
369,002546.SZ,20200328,20200328,20191231,115200895.83,164670333.7
370,002548.SZ,20200418,20200418,20191231,34589644.0,216981689.27
371,002552.SZ,20200415,20200415,20191231,4250000.0,11713611.15
372,002553.SZ,20200320,20200320,20191231,14445961.85,68727131.35
373,002555.SZ,20200402,20200402,20191231,50156723.48,3257563997.94
374,002557.SZ,20200409,20200409,20191231,60750275.94,646284830.23
375,002561.SZ,20200328,20200328,20191231,37090288.18,225684023.12
376,002562.SZ,20200420,20200420,20191231,,-94413204.39
377,002564.SZ,20200414,20200414,20191231,22500000.0,208064966.97
378,002566.SZ,20200416,20200416,20191231,,210871994.83
379,002568.SZ,20200331,20200331,20191231,,530492224.04
380,002572.SZ,20200324,20200324,20191231,63379175.69,1301235479.79
381,002579.SZ,20200410,20200410,20191231,3500752.66,245575190.28
382,002593.SZ,20200407,20200407,20191231,,40710998.35
383,002595.SZ,20200331,20200331,20191231,22881092.64,-171173891.62
384,002597.SZ,20200306,20200306,20191231,28853063.5,905749049.78
385,002601.SZ,20200325,20200325,20191231,37443584.0,2003546325.65
386,002607.SZ,20200310,20200310,20191231,197260373.01,2473986085.19
387,002626.SZ,20200416,20200416,20191231,9243854.25,918380174.29
388,002628.SZ,20200417,20200417,20191231,25876433.97,-809547251.94
389,002642.SZ,20200403,20200403,20191231,3566969.51,-117403933.62
390,002643.SZ,20200418,20200418,20191231,7627514.47,757162295.37
391,002648.SZ,20200410,20200410,20191231,,1352449077.72
392,002658.SZ,20200327,20200327,20191231,7709790.06,254125168.92
393,002661.SZ,20200420,20200420,20191231,,380738265.75
394,002673.SZ,20200402,20200402,20191231,943588.9,2997587478.69
395,002675.SZ,20200418,20200418,20191231,13530380.76,696375864.08
396,002677.SZ,20200416,20200416,20191231,3506849.32,543387260.62
397,002678.SZ,20200418,20200418,20191231,32947952.15,204033005.28
398,002683.SZ,20200418,20200418,20191231,25539625.3,820184431.34
399,002687.SZ,20200416,20200416,20191231,488204.87,154992490.0
400,002688.SZ,20200420,20200420,20191231,,282185997.03
401,002690.SZ,20200409,20200409,20191231,59127154.42,501590313.16
402,002695.SZ,20200314,20200314,20191231,3107742.55,224808818.45
403,002697.SZ,20200328,20200328,20191231,13751095.46,275596691.39
404,002706.SZ,20200328,20200328,20191231,9548126.11,331286519.74
405,002714.SZ,20200227,20200227,20191231,25835924.6,9988895350.91
406,002715.SZ,20200331,20200331,20191231,69814.35,37280470.87
407,002723.SZ,20200403,20200403,20191231,,11973338.14
408,002724.SZ,20200414,20200414,20191231,22729336.39,254387125.74
409,002725.SZ,20200409,20200409,20191231,122895.84,73866204.75
410,002727.SZ,20200320,20200320,20191231,23347916.66,982923959.92
411,002728.SZ,20200327,20200327,20191231,5482589.04,221644491.09
412,002732.SZ,20200418,20200418,20191231,1258172.86,218154298.64
413,002735.SZ,20200414,20200414,20191231,,75417051.7
414,002736.SZ,20200320,20200320,20191231,15855098.4,28641814015.85
415,002738.SZ,20200415,20200415,20191231,2804423.16,250081933.01
416,002742.SZ,20200414,20200414,20191231,,154662019.19
417,002746.SZ,20200324,20200324,20191231,57551748.88,1171556325.85
418,002756.SZ,20200320,20200320,20191231,15068206.07,345222346.41
419,002758.SZ,20200418,20200418,20191231,4670322.66,58622373.3
420,002759.SZ,20200331,20200331,20191231,248325.9,-13953988.8
421,002771.SZ,20200325,20200325,20191231,,28793335.65
422,002774.SZ,20200403,20200403,20191231,20195811.3,3718835.67
423,002778.SZ,20200417,20200417,20191231,,78622949.02
424,002782.SZ,20200320,20200320,20191231,1555998.85,125376250.45
425,002795.SZ,20200328,20200328,20191231,,73571356.0
426,002797.SZ,20200331,20200331,20191231,60214383.78,2309804048.94
427,002798.SZ,20200331,20200331,20191231,5742938.24,268714068.57
428,002799.SZ,20200410,20200410,20191231,1456691.68,139913384.06
429,002800.SZ,20200401,20200401,20191231,,-34605187.56
430,002801.SZ,20200319,20200319,20191231,27226393.02,150191268.31
431,002802.SZ,20200420,20200420,20191231,7320575.71,111218995.95
432,002803.SZ,20200415,20200415,20191231,,317172141.24
433,002805.SZ,20200420,20200420,20191231,488783.34,-33414469.56
434,002807.SZ,20200331,20200331,20191231,543737000.0,11466470000.0
435,002809.SZ,20200420,20200420,20191231,,-65096041.2
436,002810.SZ,20200411,20200411,20191231,3110232.23,210256274.56
437,002812.SZ,20200317,20200317,20191231,1594822.87,763297007.77
438,002818.SZ,20200331,20200331,20191231,46859378.05,813646953.64
439,002819.SZ,20200411,20200411,20191231,1476830.5,-24351898.73
440,002821.SZ,20200409,20200409,20191231,11522882.68,600867843.92
441,002825.SZ,20200414,20200414,20191231,8463760.37,80621380.65
442,002829.SZ,20200416,20200416,20191231,,26391698.53
443,002832.SZ,20200418,20200418,20191231,19044283.96,333469113.65
444,002838.SZ,20200409,20200409,20191231,,187848447.25
445,002845.SZ,20200318,20200318,20191231,403344.15,393895669.41
446,002847.SZ,20200307,20200307,20191231,,184483705.51
447,002850.SZ,20200409,20200409,20191231,2097164.16,453990010.61
448,002853.SZ,20200403,20200403,20191231,10218844.99,100659606.23
449,002858.SZ,20200408,20200408,20191231,,79354951.65
450,002859.SZ,20200331,20200331,20191231,,337211519.5
451,002860.SZ,20200403,20200403,20191231,23415.0,189485262.92
452,002861.SZ,20200320,20200320,20191231,2811929.08,152846656.16
453,002863.SZ,20200328,20200328,20191231,,242260953.77
454,002865.SZ,20200326,20200326,20191231,340020000.0,-28023026.99
455,002876.SZ,20200331,20200331,20191231,,-60237974.25
456,002878.SZ,20200415,20200415,20191231,4330867.38,93972133.66
457,002879.SZ,20200313,20200313,20191231,,155771476.75
458,002880.SZ,20200306,20200306,20191231,,185701134.8
459,002882.SZ,20200411,20200411,20191231,401706.85,211207810.36
460,002883.SZ,20200418,20200418,20191231,2084191.69,7490420.33
461,002885.SZ,20200331,20200331,20191231,1760632.93,62964527.62
462,002886.SZ,20200417,20200417,20191231,2390683.7,119667399.37
463,002888.SZ,20200415,20200415,20191231,4593109.58,65917253.41
464,002890.SZ,20200410,20200410,20191231,5428231.96,18198830.23
465,002891.SZ,20200408,20200408,20191231,483957.66,96865083.35
466,002895.SZ,20200327,20200327,20191231,6928443.78,286830849.99
467,002896.SZ,20200416,20200416,20191231,,99470829.34
468,002902.SZ,20200317,20200317,20191231,2916400.98,275156933.08
469,002903.SZ,20200403,20200403,20191231,10498575.21,57266912.44
470,002905.SZ,20200410,20200410,20191231,25496105.28,394371688.51
471,002909.SZ,20200331,20200331,20191231,,48853515.4
472,002911.SZ,20200415,20200415,20191231,64749091.46,870417643.42
473,002913.SZ,20200323,20200323,20191231,,509457780.2
474,002916.SZ,20200320,20200320,20191231,,1262866434.48
475,002917.SZ,20200410,20200410,20191231,7382808.54,16407852.83
476,002921.SZ,20200328,20200328,20191231,736027.39,61725366.24
477,002922.SZ,20200325,20200325,20191231,8997498.5,45857422.36
478,002923.SZ,20200417,20200417,20191231,8329338.36,151299880.47
479,002925.SZ,20200328,20200328,20191231,39863749.97,698917507.92
480,002926.SZ,20200331,20200331,20191231,426906376.34,1307567284.12
481,002927.SZ,20200410,20200410,20191231,6146102.61,49336397.06
482,002930.SZ,20200328,20200328,20191231,1182676.23,320065295.88
483,002936.SZ,20200331,20200331,20191231,11286763000.0,-7850803000.0
484,002937.SZ,20200327,20200327,20191231,298146.0,359628875.93
485,002938.SZ,20200331,20200331,20191231,43579989.13,4161757872.63
486,002940.SZ,20200403,20200403,20191231,240000.0,213493104.11
487,002945.SZ,20200420,20200420,20191231,40004495.87,1901110891.97
488,002948.SZ,20200321,20200321,20191231,6484979000.0,-7005735000.0
489,002949.SZ,20200417,20200417,20191231,12577850.68,76054239.43
490,002951.SZ,20200410,20200410,20191231,16763999.34,312960212.62
491,002956.SZ,20200420,20200420,20191231,3608884.72,180487218.3
492,002961.SZ,20200310,20200310,20191231,1892174.24,-556904541.79
493,002965.SZ,20200321,20200321,20191231,87945.55,56085681.12
494,002966.SZ,20200331,20200331,20191231,4138258296.0,-13900735108.0
495,002967.SZ,20200327,20200327,20191231,3441400.15,170280359.33
496,002968.SZ,20200401,20200401,20191231,1086181.0,51234109.73
497,002970.SZ,20200420,20200420,20191231,627626.06,236523113.28
498,002972.SZ,20200415,20200415,20191231,,78344996.55
499,003816.SZ,20200326,20200326,20191231,1487752355.28,30598898947.45
500,300003.SZ,20200331,20200331,20191231,221604739.38,1990255063.49
501,300005.SZ,20200320,20200320,20191231,6447588.43,38334502.86
502,300007.SZ,20200331,20200331,20191231,48997535.63,325594633.32
503,300009.SZ,20200408,20200408,20191231,5197769.73,295627531.92
504,300011.SZ,20200324,20200324,20191231,18641.1,107416081.41
505,300014.SZ,20200420,20200420,20191231,446325720.38,1138632495.87
506,300016.SZ,20200312,20200312,20191231,5367731.85,156808658.97
507,300019.SZ,20200331,20200331,20191231,,81662622.27
508,300021.SZ,20200410,20200410,20191231,2562602.09,-181236154.18
509,300023.SZ,20200411,20200411,20191231,2970.18,509611715.67
510,300030.SZ,20200307,20200307,20191231,531564.71,49162409.45
511,300031.SZ,20200416,20200416,20191231,136392.89,378539424.52
512,300033.SZ,20200225,20200225,20191231,11983529.98,1219079300.44
513,300034.SZ,20200415,20200415,20191231,,107867850.66
514,300036.SZ,20200410,20200410,20191231,9190563.51,220037062.97
515,300042.SZ,20200418,20200418,20191231,19686310.5,-107832260.62
516,300046.SZ,20200420,20200420,20191231,,15971171.96
517,300052.SZ,20200327,20200327,20191231,,3072912.19
518,300057.SZ,20200401,20200401,20191231,,210081530.0
519,300059.SZ,20200410,20200410,20191231,49006633.02,11721170510.66
520,300065.SZ,20200415,20200415,20191231,17589449.83,-40054422.5
521,300066.SZ,20200410,20200410,20191231,15882450.7,16034027.61
522,300067.SZ,20200404,20200404,20191231,4473707.64,130391966.95
523,300073.SZ,20200416,20200416,20191231,590962.68,347419786.55
524,300074.SZ,20200318,20200318,20191231,3254434.92,648115.82
525,300092.SZ,20200327,20200327,20191231,,132977383.32
526,300105.SZ,20200401,20200401,20191231,10419221.74,15899660.02
527,300107.SZ,20200403,20200403,20191231,3904884.49,385097160.0
528,300110.SZ,20200331,20200331,20191231,13283.07,309331524.3
529,300114.SZ,20200401,20200401,20191231,637551.36,324078909.72
530,300115.SZ,20200411,20200411,20191231,,823203491.41
531,300118.SZ,20200418,20200418,20191231,8188658.1,2609265283.23
532,300119.SZ,20200402,20200402,20191231,19629559.1,383608950.31
533,300120.SZ,20200325,20200325,20191231,,127722992.26
534,300121.SZ,20200229,20200229,20191231,1200000.0,234166919.25
535,300127.SZ,20200328,20200328,20191231,8649048.76,141465642.54
536,300129.SZ,20200408,20200408,20191231,9864974.64,323348461.2
537,300130.SZ,20200414,20200414,20191231,5777217.69,213866615.03
538,300136.SZ,20200417,20200417,20191231,1953720.0,677452045.77
539,300142.SZ,20200321,20200321,20191231,3138828.69,62016820.21
540,300146.SZ,20200313,20200313,20191231,32165075.32,1536520103.03
541,300152.SZ,20200410,20200410,20191231,,35328731.43
542,300154.SZ,20200414,20200414,20191231,20013009.77,108862667.63
543,300165.SZ,20200415,20200415,20191231,3717407.24,19583778.92
544,300174.SZ,20200303,20200303,20191231,65335803.77,14730680.18
545,300179.SZ,20200310,20200310,20191231,80920.02,157272654.27
546,300183.SZ,20200331,20200331,20191231,10791732.34,356471814.56
547,300187.SZ,20200331,20200331,20191231,17880000.0,149243757.8
548,300188.SZ,20200331,20200331,20191231,7716138.78,396135918.52
549,300193.SZ,20200229,20200229,20191231,37609044.22,217116538.49
550,300194.SZ,20200328,20200328,20191231,7953444.62,295627587.16
551,300196.SZ,20200408,20200408,20191231,,379119771.77
552,300201.SZ,20200411,20200411,20191231,,166163262.18
553,300202.SZ,20200417,20200417,20191231,757643.33,51622363.77
554,300204.SZ,20200317,20200317,20191231,37407814.78,44341908.25
555,300208.SZ,20200416,20200416,20191231,,-848572348.39
556,300210.SZ,20200411,20200411,20191231,823416.15,-44373243.08
557,300211.SZ,20200310,20200310,20191231,1793564.22,77004604.46
558,300213.SZ,20200410,20200410,20191231,,180497792.14
559,300215.SZ,20200331,20200331,20191231,,496310217.8
560,300218.SZ,20200417,20200417,20191231,331610.86,160871323.28
561,300223.SZ,20200401,20200401,20191231,33279142.86,15185933.81
562,300224.SZ,20200324,20200324,20191231,41478385.79,65112911.17
563,300226.SZ,20200415,20200415,20191231,1281369.98,-638203227.54
564,300227.SZ,20200409,20200409,20191231,101372.61,99297580.67
565,300228.SZ,20200418,20200418,20191231,,331896932.66
566,300231.SZ,20200229,20200229,20191231,258333.34,146865819.79
567,300234.SZ,20200324,20200324,20191231,302183.8,-9806739.34
568,300235.SZ,20200408,20200408,20191231,11960017.0,24284385.48
569,300237.SZ,20200420,20200420,20191231,37500.0,62751926.04
570,300240.SZ,20200414,20200414,20191231,5550524.34,57503531.79
571,300241.SZ,20200418,20200418,20191231,,186280573.77
572,300242.SZ,20200408,20200408,20191231,917885.6,176291861.62
573,300244.SZ,20200411,20200411,20191231,1394782.82,483185627.75
574,300248.SZ,20200416,20200416,20191231,9286381.93,175277941.85
575,300251.SZ,20200417,20200417,20191231,84489655.64,1619048894.37
576,300253.SZ,20200404,20200404,20191231,889760.0,233300921.15
577,300259.SZ,20200416,20200416,20191231,37546312.98,245802759.78
578,300265.SZ,20200418,20200418,20191231,321633.66,162994921.71
579,300271.SZ,20200319,20200319,20191231,213235.29,473107685.53
580,300275.SZ,20200418,20200418,20191231,297085.18,26267069.34
581,300285.SZ,20200317,20200317,20191231,723690.84,484259397.15
582,300286.SZ,20200313,20200313,20191231,12237774.3,163273264.53
583,300287.SZ,20200418,20200418,20191231,,297680471.48
584,300289.SZ,20200403,20200403,20191231,,124648403.19
585,300295.SZ,20200418,20200418,20191231,25504342.54,-7730212.0
586,300296.SZ,20200410,20200410,20191231,6571832.42,913223821.69
587,300298.SZ,20200415,20200415,20191231,1945261.96,522807472.98
588,300304.SZ,20200403,20200403,20191231,71540937.87,156733736.21
589,300305.SZ,20200410,20200410,20191231,28862405.7,144008993.12
590,300310.SZ,20200307,20200307,20191231,8906176.18,241324299.88
591,300314.SZ,20200410,20200410,20191231,12919587.75,88569835.27
592,300320.SZ,20200328,20200328,20191231,58400.0,204689597.18
593,300322.SZ,20200229,20200229,20191231,,164714163.26
594,300323.SZ,20200403,20200403,20191231,6104400.0,414053150.76
595,300327.SZ,20200331,20200331,20191231,23902871.24,219559701.45
596,300330.SZ,20200410,20200410,20191231,,75604314.41
597,300341.SZ,20200414,20200414,20191231,,169844754.06
598,300342.SZ,20200325,20200325,20191231,2625995.23,50151826.87
599,300345.SZ,20200324,20200324,20191231,,55828593.64
600,300347.SZ,20200417,20200417,20191231,13078858.5,527557935.51
601,300354.SZ,20200414,20200414,20191231,1236465.75,18626274.42
602,300357.SZ,20200328,20200328,20191231,2110921.92,232925579.31
603,300358.SZ,20200328,20200328,20191231,11368593.47,274218845.72
604,300363.SZ,20200328,20200328,20191231,1229450.0,351373889.8
605,300371.SZ,20200409,20200409,20191231,5261610.96,99747784.94
606,300373.SZ,20200418,20200418,20191231,11179793.85,372084480.27
607,300375.SZ,20200331,20200331,20191231,228599.3,144899776.71
608,300376.SZ,20200411,20200411,20191231,2106000.0,-475005311.84
609,300378.SZ,20200417,20200417,20191231,11582877.66,238653686.82
610,300382.SZ,20200410,20200410,20191231,,155390975.03
611,300383.SZ,20200417,20200417,20191231,13286977.59,602966937.4
612,300385.SZ,20200415,20200415,20191231,33475029.9,113419342.44
613,300389.SZ,20200410,20200410,20191231,1986416.48,298517198.74
614,300395.SZ,20200403,20200403,20191231,,211624040.55
615,300397.SZ,20200410,20200410,20191231,1529500.28,81146446.72
616,300398.SZ,20200324,20200324,20191231,1555209.0,187285886.4
617,300401.SZ,20200228,20200228,20191231,12113538.52,366536248.37
618,300403.SZ,20200229,20200229,20191231,312000.0,210913291.34
619,300406.SZ,20200326,20200326,20191231,4041562.5,188603373.98
620,300408.SZ,20200324,20200324,20191231,82491818.26,1714660335.75
621,300414.SZ,20200331,20200331,20191231,,20640576.35
622,300416.SZ,20200410,20200410,20191231,49315.07,82889039.77
623,300423.SZ,20200417,20200417,20191231,7970382.8,-175658958.75
624,300428.SZ,20200416,20200416,20191231,6906858.53,605197255.04
625,300436.SZ,20200326,20200326,20191231,,33988140.4
626,300443.SZ,20200229,20200229,20191231,598029.33,313496913.48
627,300451.SZ,20200326,20200326,20191231,48629248.41,80158689.37
628,300453.SZ,20200328,20200328,20191231,619435.06,167355013.58
629,300454.SZ,20200415,20200415,20191231,107988770.43,1144970801.04
630,300458.SZ,20200402,20200402,20191231,7851715.41,364930673.67
631,300463.SZ,20200417,20200417,20191231,,459516311.64
632,300468.SZ,20200331,20200331,20191231,250000.0,119278918.09
633,300471.SZ,20200420,20200420,20191231,,189811350.42
634,300479.SZ,20200331,20200331,20191231,,14096586.9
635,300480.SZ,20200328,20200328,20191231,,57842331.45
636,300481.SZ,20200327,20200327,20191231,3657488.01,140210978.34
637,300482.SZ,20200331,20200331,20191231,27197896.05,309860070.96
638,300483.SZ,20200317,20200317,20191231,616164.4,677772025.96
639,300485.SZ,20200416,20200416,20191231,29204019.12,172523039.5
640,300488.SZ,20200331,20200331,20191231,3823167.19,107892335.77
641,300493.SZ,20200416,20200416,20191231,,269677211.45
642,300496.SZ,20200227,20200227,20191231,,142211596.88
643,300497.SZ,20200409,20200409,20191231,2863289.2,337910973.88
644,300505.SZ,20200229,20200229,20191231,,122139938.64
645,300508.SZ,20200417,20200417,20191231,59728636.22,37523635.46
646,300520.SZ,20200331,20200331,20191231,285541.14,93651589.13
647,300522.SZ,20200403,20200403,20191231,1347169.79,50308786.39
648,300528.SZ,20200408,20200408,20191231,8148423.41,259150518.79
649,300529.SZ,20200402,20200402,20191231,34597227.76,583495276.06
650,300531.SZ,20200415,20200415,20191231,3212261.32,209983213.09
651,300532.SZ,20200331,20200331,20191231,3404793.93,110761130.44
652,300534.SZ,20200409,20200409,20191231,258327.12,28208543.85
653,300536.SZ,20200410,20200410,20191231,,191427236.65
654,300538.SZ,20200417,20200417,20191231,1549493.06,25202864.34
655,300543.SZ,20200418,20200418,20191231,2494636.7,203483579.93
656,300548.SZ,20200417,20200417,20191231,,-5683443.48
657,300552.SZ,20200411,20200411,20191231,,470811190.75
658,300553.SZ,20200410,20200410,20191231,3761030.87,21303870.05
659,300554.SZ,20200323,20200323,20191231,,65814628.86
660,300559.SZ,20200410,20200410,20191231,18468073.09,237878187.09
661,300563.SZ,20200317,20200317,20191231,,60102301.53
662,300570.SZ,20200331,20200331,20191231,15035272.93,236886458.44
663,300573.SZ,20200420,20200420,20191231,,74081244.96
664,300575.SZ,20200320,20200320,20191231,,254973691.39
665,300577.SZ,20200420,20200420,20191231,2464496.84,142144974.74
666,300579.SZ,20200326,20200326,20191231,8637362.39,74786411.04
667,300580.SZ,20200326,20200326,20191231,,176299713.25
668,300582.SZ,20200417,20200417,20191231,220267.17,141176650.26
669,300584.SZ,20200409,20200409,20191231,,97277039.72
670,300588.SZ,20200410,20200410,20191231,963233.65,49926825.49
671,300592.SZ,20200417,20200417,20191231,,75378395.32
672,300595.SZ,20200410,20200410,20191231,32573443.09,275365341.16
673,300596.SZ,20200415,20200415,20191231,414845.66,165973519.82
674,300598.SZ,20200415,20200415,20191231,372892.59,-19701326.69
675,300612.SZ,20200417,20200417,20191231,0.0,39798007.04
676,300616.SZ,20200418,20200418,20191231,61652102.77,618893330.56
677,300617.SZ,20200117,20200117,20191231,20076088.05,36228660.52
678,300618.SZ,20200326,20200326,20191231,3529735.24,205952212.17
679,300620.SZ,20200228,20200228,20191231,3727245.87,74209240.2
680,300621.SZ,20200403,20200403,20191231,1832225.62,83838760.86
681,300622.SZ,20200415,20200415,20191231,4916271.29,98072798.6
682,300623.SZ,20200416,20200416,20191231,19825526.48,199399905.99
683,300624.SZ,20200418,20200418,20191231,11733210.22,123244800.28
684,300628.SZ,20200415,20200415,20191231,137332672.38,1092506407.91
685,300632.SZ,20200310,20200310,20191231,49528813.61,218304886.98
686,300634.SZ,20200416,20200416,20191231,12033644.0,217881409.43
687,300636.SZ,20200307,20200307,20191231,469602.39,-28272033.86
688,300637.SZ,20200331,20200331,20191231,806989.48,59293950.54
689,300638.SZ,20200415,20200415,20191231,113166.67,223153546.24
690,300639.SZ,20200416,20200416,20191231,11153516.21,112831785.25
691,300640.SZ,20200409,20200409,20191231,3305028.49,54594925.32
692,300644.SZ,20200420,20200420,20191231,4004331.5,31912794.67
693,300647.SZ,20200331,20200331,20191231,,25745044.42
694,300650.SZ,20200320,20200320,20191231,3357888.33,69491132.9
695,300653.SZ,20200410,20200410,20191231,14917840.55,103477376.82
696,300655.SZ,20200408,20200408,20191231,277916.86,102367332.58
697,300657.SZ,20200411,20200411,20191231,1949371.32,74570997.2
698,300658.SZ,20200331,20200331,20191231,5881128.24,74223087.07
699,300659.SZ,20200401,20200401,20191231,199500.0,84137039.74
700,300661.SZ,20200331,20200331,20191231,6457500.0,144515528.33
701,300669.SZ,20200410,20200410,20191231,109342.5,51491164.78
702,300670.SZ,20200416,20200416,20191231,817315.94,58637597.34
703,300673.SZ,20200420,20200420,20191231,,-55813884.62
704,300674.SZ,20200331,20200331,20191231,14443120.27,180520749.6
705,300680.SZ,20200331,20200331,20191231,316833.08,65111180.53
706,300681.SZ,20200331,20200331,20191231,1135780.83,199717524.75
707,300682.SZ,20200402,20200402,20191231,4283481.99,559833505.69
708,300685.SZ,20200414,20200414,20191231,1213787.35,151524817.84
709,300686.SZ,20200306,20200306,20191231,3792786.83,148615138.39
710,300690.SZ,20200408,20200408,20191231,14030444.31,57967753.74
711,300691.SZ,20200408,20200408,20191231,7666760.57,44361027.25
712,300692.SZ,20200418,20200418,20191231,586235.93,-146269024.86
713,300697.SZ,20200418,20200418,20191231,34648482.89,160599058.76
714,300699.SZ,20200331,20200331,20191231,22127391.76,753155052.32
715,300701.SZ,20200327,20200327,20191231,,85061602.98
716,300703.SZ,20200418,20200418,20191231,6957309.54,128150498.26
717,300705.SZ,20200418,20200418,20191231,,90740744.38
718,300706.SZ,20200331,20200331,20191231,,11787933.93
719,300707.SZ,20200420,20200420,20191231,1986107.54,57972362.57
720,300708.SZ,20200123,20200123,20191231,,387794663.0
721,300711.SZ,20200410,20200410,20191231,,44354282.44
722,300717.SZ,20200411,20200411,20191231,2072399.08,69769736.79
723,300721.SZ,20200325,20200325,20191231,4001970.8,26751579.58
724,300722.SZ,20200416,20200416,20191231,2082238.34,38037997.43
725,300725.SZ,20200331,20200331,20191231,4237099.5,127044730.52
726,300726.SZ,20200313,20200313,20191231,53466766.63,82567601.46
727,300727.SZ,20200305,20200305,20191231,1822340.64,104330064.33
728,300729.SZ,20200410,20200410,20191231,10301418.97,129314246.67
729,300731.SZ,20200409,20200409,20191231,2376912.81,75328923.53
730,300738.SZ,20200318,20200318,20191231,,136461963.84
731,300741.SZ,20200328,20200328,20191231,70739979.0,1297541773.0
732,300745.SZ,20200416,20200416,20191231,11179924.8,-49358437.64
733,300746.SZ,20200418,20200418,20191231,48541041.87,110728816.87
734,300748.SZ,20200324,20200324,20191231,296061.22,42838401.92
735,300751.SZ,20200328,20200328,20191231,,-84154242.53
736,300752.SZ,20200314,20200314,20191231,7682220.52,64112464.26
737,300757.SZ,20200410,20200410,20191231,,-77451209.0
738,300759.SZ,20200330,20200330,20191231,2033343.24,938586321.07
739,300760.SZ,20200402,20200402,20191231,,4721794915.0
740,300763.SZ,20200331,20200331,20191231,790434.45,143465553.66
741,300765.SZ,20200323,20200323,20191231,,315384186.07
742,300766.SZ,20200413,20200413,20191231,,-10826270.66
743,300767.SZ,20200403,20200403,20191231,6358173.09,-53622622.19
744,300770.SZ,20200418,20200418,20191231,5862651.79,462252958.42
745,300771.SZ,20200324,20200324,20191231,5749744.53,215359614.47
746,300772.SZ,20200320,20200320,20191231,4800000.0,1435885465.3
747,300773.SZ,20200410,20200410,20191231,,1112955420.01
748,300777.SZ,20200324,20200324,20191231,406161.64,113401670.35
749,300785.SZ,20200415,20200415,20191231,5099309.22,130045957.72
750,300786.SZ,20200417,20200417,20191231,182465.75,62963317.62
751,300787.SZ,20200409,20200409,20191231,2864682.31,139303057.12
752,300788.SZ,20200327,20200327,20191231,19242827.75,313210723.97
753,300790.SZ,20200415,20200415,20191231,77863.01,296805864.92
754,300795.SZ,20200320,20200320,20191231,,59224048.26
755,300798.SZ,20200420,20200420,20191231,,50445396.7
756,300800.SZ,20200408,20200408,20191231,269452.05,256586242.66
757,300801.SZ,20200309,20200309,20191231,2079518.65,175999441.64
758,300806.SZ,20200410,20200410,20191231,134588.64,97342176.05
759,300811.SZ,20200420,20200420,20191231,195521.68,48275303.53
760,300817.SZ,20200416,20200416,20191231,,78239915.78
761,300818.SZ,20200415,20200415,20191231,1010291.5,36271876.36
762,300820.SZ,20200417,20200417,20191231,,80854918.98
763,600008.SH,20200402,20200402,20191231,132409555.65,3333386034.89
764,600009.SH,20200328,20200328,20191231,450897522.6,4885045782.8
765,600011.SH,20200401,20200401,20191231,1336304832.0,37324194263.0
766,600012.SH,20200330,20200330,20191231,0.0,1822702104.07
767,600015.SH,20200417,20200417,20191231,34851000000.0,79082000000.0
768,600016.SH,20200331,20200331,20191231,81593000000.0,-84927000000.0
769,600017.SH,20200324,20200324,20191231,11426347.87,1151777695.85
770,600018.SH,20200410,20200410,20191231,1205472744.04,6173031012.32
771,600021.SH,20200331,20200331,20191231,476168744.33,5930132245.92
772,600022.SH,20200320,20200320,20191231,65178059.34,4514608149.39
773,600026.SH,20200331,20200331,20191231,471986039.43,5347459169.94
774,600027.SH,20200326,20200326,20191231,308927000.0,21376881000.0
775,600028.SH,20200330,20200330,20191231,10272000000.0,153420000000.0
776,600029.SH,20200331,20200331,20191231,283000000.0,38122000000.0
777,600030.SH,20200320,20200320,20191231,1269043170.11,21976368919.44
778,600033.SH,20200404,20200404,20191231,,1790179085.47
779,600036.SH,20200321,20200321,20191231,,
780,600038.SH,20200331,20200331,20191231,,770050243.9
781,600048.SH,20200416,20200416,20191231,342920650.97,39155315735.1
782,600050.SH,20200324,20200324,20191231,311273890.0,96208235799.0
783,600051.SH,20200317,20200317,20191231,38935978.39,1607201881.0
784,600057.SH,20200415,20200415,20191231,115496136.23,4140151961.41
785,600058.SH,20200331,20200331,20191231,1731018.73,1455016294.33
786,600059.SH,20200418,20200418,20191231,18903684.99,378965798.48
787,600061.SH,20200327,20200327,20191231,82539862.07,-1485042510.09
788,600062.SH,20200321,20200321,20191231,39846471.85,1439788470.89
789,600063.SH,20200410,20200410,20191231,28078384.72,980366953.76
790,600066.SH,20200331,20200331,20191231,37134962.37,5340169612.03
791,600067.SH,20200325,20200325,20191231,32591222.85,106142502.41
792,600068.SH,20200401,20200401,20191231,105375305.36,6070433318.75
793,600071.SH,20200414,20200414,20191231,31600.0,74725546.47
794,600082.SH,20200410,20200410,20191231,701965.23,86661501.93
795,600085.SH,20200403,20200403,20191231,50679142.41,2273710539.01
796,600088.SH,20200417,20200417,20191231,11967760.76,76331628.91
797,600089.SH,20200414,20200414,20191231,34322341.05,4041023010.67
798,600097.SH,20200418,20200418,20191231,12975.92,194717457.68
799,600098.SH,20200418,20200418,20191231,265799840.01,3636233140.93
800,600099.SH,20200418,20200418,20191231,,-4531282.77
801,600103.SH,20200414,20200414,20191231,54173815.49,84086655.85
802,600104.SH,20200414,20200414,20191231,28993477154.78,46271852926.75
803,600106.SH,20200327,20200327,20191231,70518973.61,-45271455.27
804,600109.SH,20200402,20200402,20191231,250678225.78,-1874236164.66
805,600113.SH,20200418,20200418,20191231,,160322147.66
806,600115.SH,20200401,20200401,20191231,241000000.0,28972000000.0
807,600116.SH,20200307,20200307,20191231,13600000.0,356718841.02
808,600119.SH,20200411,20200411,20191231,4400000.0,63543913.16
809,600120.SH,20200328,20200328,20191231,207748832.41,-1354370948.75
810,600125.SH,20200327,20200327,20191231,8403844.44,741767389.5
811,600126.SH,20200408,20200408,20191231,114133806.73,1247600404.01
812,600127.SH,20200403,20200403,20191231,,48290448.64
813,600130.SH,20200317,20200317,20191231,16629168.41,18469375.38
814,600132.SH,20200418,20200418,20191231,66386927.46,705779861.35
815,600135.SH,20200416,20200416,20191231,10865792.33,227588318.57
816,600138.SH,20200410,20200410,20191231,1337321.65,596210562.3
817,600150.SH,20200418,20200418,20191231,26235607.32,324871435.5
818,600156.SH,20200410,20200410,20191231,8075152.05,-66126712.82
819,600159.SH,20200410,20200410,20191231,,523308368.72
820,600161.SH,20200402,20200402,20191231,213400.0,642468858.66
821,600163.SH,20200415,20200415,20191231,36821.92,411004498.2
822,600171.SH,20200331,20200331,20191231,2584039.74,135040047.31
823,600176.SH,20200323,20200323,20191231,30740185.83,2768596592.74
824,600182.SH,20200420,20200420,20191231,,247726639.86
825,600183.SH,20200325,20200325,20191231,7792203.78,1692374380.93
826,600186.SH,20200331,20200331,20191231,,-95910673.0
827,600187.SH,20200418,20200418,20191231,15627922.85,101211212.95
828,600190.SH,20200411,20200411,20191231,31490266.86,682201728.03
829,600196.SH,20200331,20200331,20191231,568121277.36,3222412571.25
830,600200.SH,20200316,20200316,20191231,35100520.53,-166027875.3
831,600201.SH,20200330,20200330,20191231,39774189.46,405242914.07
832,600202.SH,20200303,20200303,20191231,,-27133513.82
833,600203.SH,20200410,20200410,20191231,1351444.24,138589860.19
834,600206.SH,20200417,20200417,20191231,34055868.21,34271796.94
835,600211.SH,20200313,20200313,20191231,8396722.61,489592488.78
836,600219.SH,20200411,20200411,20191231,,3792042387.77
837,600222.SH,20200328,20200328,20191231,1958216.92,43700589.36
838,600223.SH,20200410,20200410,20191231,39771222.4,-3307182480.93
839,600228.SH,20200328,20200328,20191231,,16733835.59
840,600234.SH,20200331,20200331,20191231,,44328415.85
841,600235.SH,20200409,20200409,20191231,2510277.45,54386817.14
842,600236.SH,20200418,20200418,20191231,30823760.3,5419464294.94
843,600249.SH,20200417,20200417,20191231,14145596.79,88800489.03
844,600252.SH,20200326,20200326,20191231,136832892.03,654312676.9
845,600259.SH,20200328,20200328,20191231,6039526.07,33691741.33
846,600261.SH,20200418,20200418,20191231,29538350.52,904247635.34
847,600266.SH,20200415,20200415,20191231,152582077.98,-759014629.0
848,600268.SH,20200327,20200327,20191231,9595500.0,690003878.65
849,600272.SH,20200328,20200328,20191231,6984638.72,20728062.11
850,600273.SH,20200417,20200417,20191231,5274720.0,1412245656.12
851,600276.SH,20200323,20200323,20191231,307360450.09,3816832867.29
852,600277.SH,20200408,20200408,20191231,64524177.4,1055492931.83
853,600278.SH,20200411,20200411,20191231,23041944.05,243050292.92
854,600279.SH,20200415,20200415,20191231,16178640.24,591149082.9
855,600282.SH,20200325,20200325,20191231,217959390.19,4348491905.18
856,600284.SH,20200331,20200331,20191231,147336604.46,1203086183.74
857,600292.SH,20200415,20200415,20191231,15544874.01,428735177.64
858,600295.SH,20200415,20200415,20191231,209647825.0,3561087051.29
859,600298.SH,20200331,20200331,20191231,,1295981194.55
860,600299.SH,20200321,20200321,20191231,107093495.0,2550601183.0
861,600301.SH,20200320,20200320,20191231,,-37131521.78
862,600309.SH,20200331,20200331,20191231,141975116.9,25932941200.65
863,600310.SH,20200415,20200415,20191231,19304829.05,475604021.69
864,600313.SH,20200321,20200321,20191231,16146441.14,40234931.58
865,600315.SH,20200220,20200220,20191231,38804330.93,748756914.22
866,600316.SH,20200331,20200331,20191231,1020000.0,25129682.97
867,600317.SH,20200327,20200327,20191231,24606714.62,1965819533.97
868,600318.SH,20200418,20200418,20191231,20175587.11,649443174.79
869,600320.SH,20200401,20200401,20191231,73626236.0,1290213109.0
870,600321.SH,20200411,20200411,20191231,522959.8,138840869.84
871,600323.SH,20200415,20200415,20191231,3416547.83,1324356474.78
872,600325.SH,20200417,20200417,20191231,867181516.27,28035431565.71
873,600326.SH,20200418,20200418,20191231,117013690.0,705753929.77
874,600327.SH,20200411,20200411,20191231,52041037.2,-207671162.03
875,600329.SH,20200420,20200420,20191231,164531857.54,495488678.78
876,600330.SH,20200417,20200417,20191231,3223281.27,-90664681.69
877,600331.SH,20200403,20200403,20191231,,62024107.41
878,600332.SH,20200401,20200401,20191231,140790673.97,5022366882.34
879,600346.SH,20200417,20200417,20191231,,16936974236.09
880,600354.SH,20200320,20200320,20191231,1453115.19,-2746985.02
881,600356.SH,20200401,20200401,20191231,1101342.64,318867215.98
882,600362.SH,20200331,20200331,20191231,715724500.0,8252296414.0
883,600366.SH,20200417,20200417,20191231,62996709.97,207757370.32
884,600368.SH,20200331,20200331,20191231,259791262.58,933389735.57
885,600370.SH,20200310,20200310,20191231,,214387234.55
886,600372.SH,20200331,20200331,20191231,71498409.69,735640968.39
887,600378.SH,20200416,20200416,20191231,9926955.26,847358170.02
888,600379.SH,20200410,20200410,20191231,1278.0,53387200.68
889,600380.SH,20200411,20200411,20191231,44784241.23,2312447687.11
890,600382.SH,20200418,20200418,20191231,12700656.0,393405597.42
891,600386.SH,20200410,20200410,20191231,821340.0,505037682.66
892,600391.SH,20200418,20200418,20191231,,777488346.08
893,600395.SH,20200414,20200414,20191231,49164698.89,1742099180.64
894,600396.SH,20200402,20200402,20191231,2238400.0,1625417627.32
895,600399.SH,20200331,20200331,20191231,4361619.87,1050030147.24
896,600416.SH,20200331,20200331,20191231,18534880.01,208920804.2
897,600418.SH,20200319,20200319,20191231,94314914.58,226384882.79
898,600420.SH,20200402,20200402,20191231,23099838.99,1270137212.46
899,600422.SH,20200331,20200331,20191231,45049014.2,429500909.97
900,600425.SH,20200331,20200331,20191231,10434660.08,1307022392.74
901,600426.SH,20200327,20200327,20191231,41726371.24,3736038989.65
902,600433.SH,20200311,20200311,20191231,4007661.96,221217258.38
903,600444.SH,20200326,20200326,20191231,,-63556482.27
904,600449.SH,20200321,20200321,20191231,2588800.0,988006549.36
905,600452.SH,20200417,20200417,20191231,111867.26,1162686084.18
906,600455.SH,20200411,20200411,20191231,,101913743.86
907,600456.SH,20200320,20200320,20191231,,52659989.63
908,600458.SH,20200331,20200331,20191231,14573893.48,1220812067.95
909,600463.SH,20200416,20200416,20191231,927163.77,89840886.5
910,600466.SH,20200417,20200417,20191231,43084123.43,3833354071.66
911,600469.SH,20200320,20200320,20191231,,424395057.76
912,600477.SH,20200310,20200310,20191231,,326576818.75
913,600479.SH,20200410,20200410,20191231,11592300.0,155493890.87
914,600481.SH,20200411,20200411,20191231,7277810.65,274776582.8
915,600488.SH,20200326,20200326,20191231,196000.0,279368978.77
916,600493.SH,20200418,20200418,20191231,2268043.46,14303808.92
917,600495.SH,20200326,20200326,20191231,45209130.05,166058758.49
918,600496.SH,20200418,20200418,20191231,6781005.84,546011756.92
919,600497.SH,20200321,20200321,20191231,988500.45,2543194090.18
920,600505.SH,20200418,20200418,20191231,,193735304.45
921,600506.SH,20200418,20200418,20191231,0.0,-4285563.28
922,600507.SH,20200228,20200228,20191231,5554627.76,1734752705.92
923,600508.SH,20200321,20200321,20191231,,2011653461.76
924,600511.SH,20200328,20200328,20191231,132160666.5,1776070491.39
925,600512.SH,20200420,20200420,20191231,679662696.01,1491657229.72
926,600516.SH,20200418,20200418,20191231,264238330.19,4399908313.39
927,600523.SH,20200314,20200314,20191231,17214556.45,171919593.98
928,600526.SH,20200409,20200409,20191231,3888400.34,554606268.14
929,600528.SH,20200331,20200331,20191231,133766063.57,1424320458.01
930,600547.SH,20200417,20200417,20191231,52546574.92,4180080697.02
931,600548.SH,20200319,20200319,20191231,398391397.49,1751428675.07
932,600549.SH,20200417,20200417,20191231,25053718.89,1904646993.75
933,600556.SH,20200411,20200411,20191231,,-137462057.96
934,600557.SH,20200410,20200410,20191231,7135693.84,925725534.57
935,600558.SH,20200420,20200420,20191231,178500.0,143689292.75
936,600562.SH,20200408,20200408,20191231,,-29476447.42
937,600563.SH,20200404,20200404,20191231,30455122.01,610701830.06
938,600566.SH,20200313,20200313,20191231,12306009.62,2147676112.11
939,600571.SH,20200418,20200418,20191231,20523880.78,27801547.82
940,600577.SH,20200331,20200331,20191231,16507181.23,588352715.85
941,600583.SH,20200324,20200324,20191231,163525877.55,-74807104.7
942,600585.SH,20200321,20200321,20191231,568721921.0,40738204985.0
943,600587.SH,20200418,20200418,20191231,35593827.75,630910080.55
944,600588.SH,20200328,20200328,20191231,244542617.0,1533042056.0
945,600598.SH,20200330,20200330,20191231,78383114.58,814168317.31
946,600600.SH,20200330,20200330,20191231,76740009.0,4016552579.0
947,600603.SH,20200311,20200311,20191231,19699329.43,1468323703.4
948,600604.SH,20200415,20200415,20191231,9810173.5,-292149798.7
949,600605.SH,20200229,20200229,20191231,8957334.09,257536689.74
950,600611.SH,20200331,20200331,20191231,113788635.67,-252298264.41
951,600618.SH,20200420,20200420,20191231,239406363.82,867716933.31
952,600619.SH,20200402,20200402,20191231,3819857.59,701353366.72
953,600620.SH,20200401,20200401,20191231,93297273.89,-16501953.96
954,600621.SH,20200331,20200331,20191231,18481987.15,927957160.08
955,600628.SH,20200417,20200417,20191231,24157176.36,62818852.08
956,600635.SH,20200331,20200331,20191231,310664064.41,1218417852.14
957,600639.SH,20200418,20200418,20191231,129740453.93,-1367303202.63
958,600643.SH,20200401,20200401,20191231,868498520.28,1480830136.88
959,600644.SH,20200321,20200321,20191231,10973471.35,281509330.77
960,600647.SH,20200418,20200418,20191231,1032247.76,-6654089.16
961,600649.SH,20200410,20200410,20191231,182141594.1,-5852854082.9
962,600650.SH,20200327,20200327,20191231,168253060.51,229554772.03
963,600655.SH,20200324,20200324,20191231,325009901.76,3534453279.84
964,600657.SH,20200401,20200401,20191231,878504403.94,8114810076.53
965,600658.SH,20200418,20200418,20191231,32393896.42,-2292067824.39
966,600663.SH,20200328,20200328,20191231,1852761322.49,517368526.94
967,600673.SH,20200403,20200403,20191231,15741746.96,2215869577.48
968,600678.SH,20200418,20200418,20191231,,111539925.73
969,600681.SH,20200416,20200416,20191231,4153455.47,1427413140.75
970,600683.SH,20200410,20200410,20191231,2426224.74,-7241802983.4
971,600684.SH,20200409,20200409,20191231,311440960.48,-122667814.25
972,600685.SH,20200328,20200328,20191231,36541732.71,3735554000.96
973,600688.SH,20200326,20200326,20191231,594868000.0,5121209000.0
974,600693.SH,20200415,20200415,20191231,8853531.15,142782606.21
975,600695.SH,20200331,20200331,20191231,4437126.19,-8238124.28
976,600712.SH,20200415,20200415,20191231,,30219820.76
977,600713.SH,20200331,20200331,20191231,2040605.04,1003954576.33
978,600717.SH,20200325,20200325,20191231,449714926.53,1861588367.05
979,600719.SH,20200411,20200411,20191231,,216300426.72
980,600720.SH,20200320,20200320,20191231,75965176.57,2018069477.49
981,600722.SH,20200305,20200305,20191231,756424.22,147185894.16
982,600724.SH,20200327,20200327,20191231,68799921.63,604811806.49
983,600725.SH,20200318,20200318,20191231,5182186.99,-15702373.04
984,600727.SH,20200403,20200403,20191231,166275.49,299356664.61
985,600728.SH,20200410,20200410,20191231,9828007.07,34254999.82
986,600731.SH,20200407,20200407,20191231,1905231.18,200432233.65
987,600732.SH,20200226,20200226,20191231,1566849.62,1587440766.98
988,600739.SH,20200403,20200403,20191231,282735295.35,879905076.49
989,600740.SH,20200414,20200414,20191231,220500000.0,91308445.07
990,600741.SH,20200411,20200411,20191231,2972284020.26,9656347352.17
991,600744.SH,20200411,20200411,20191231,3154689.09,1295687519.19
992,600748.SH,20200328,20200328,20191231,4282883.38,210644181.3
993,600749.SH,20200418,20200418,20191231,13284567.12,79803420.8
994,600750.SH,20200321,20200321,20191231,24214735.32,641177784.05
995,600751.SH,20200420,20200420,20191231,329709000.0,3803943000.0
996,600753.SH,20200328,20200328,20191231,,-125147277.52
997,600754.SH,20200328,20200328,20191231,237506237.58,2637918098.67
998,600756.SH,20200418,20200418,20191231,216993950.45,84867513.16
999,600761.SH,20200314,20200314,20191231,97138069.32,853672096.81
1000,600766.SH,20200416,20200416,20191231,,-4007888.14
1001,600768.SH,20200328,20200328,20191231,4962069.32,-14288035.89
1002,600775.SH,20200331,20200331,20191231,84558902.54,-341233848.13
1003,600776.SH,20200408,20200408,20191231,12262095.9,39147331.47
1004,600777.SH,20200331,20200331,20191231,,4163956081.83
1005,600780.SH,20200327,20200327,20191231,208895.7,1069224349.65
1006,600785.SH,20200320,20200320,20191231,4431461.41,175662248.93
1007,600787.SH,20200415,20200415,20191231,3000000.0,991544991.78
1008,600789.SH,20200418,20200418,20191231,5990042.13,361866734.4
1009,600792.SH,20200331,20200331,20191231,9937835.11,-280905083.5
1010,600794.SH,20200331,20200331,20191231,1834795.74,219291348.96
1011,600795.SH,20200414,20200414,20191231,1117444494.5,33721790020.54
1012,600798.SH,20200331,20200331,20191231,138223.66,819334116.46
1013,600803.SH,20200313,20200313,20191231,296434966.39,1408468268.01
1014,600805.SH,20200328,20200328,20191231,697312824.27,-67195799.9
1015,600808.SH,20200331,20200331,20191231,273187446.0,7865957124.0
1016,600810.SH,20200410,20200410,20191231,17150868.25,1653320332.97
1017,600812.SH,20200331,20200331,20191231,19160932.97,732966510.66
1018,600814.SH,20200402,20200402,20191231,1720500.0,475720863.95
1019,600817.SH,20200310,20200310,20191231,,36723340.79
1020,600818.SH,20200418,20200418,20191231,1094925.89,9360718.27
1021,600819.SH,20200410,20200410,20191231,6042316.84,598270658.67
1022,600820.SH,20200417,20200417,20191231,875443277.28,4877421302.71
1023,600823.SH,20200326,20200326,20191231,1275000.0,4710650104.36
1024,600825.SH,20200417,20200417,20191231,25850458.41,-995487948.13
1025,600826.SH,20200418,20200418,20191231,250427464.71,-99732036.73
1026,600828.SH,20200325,20200325,20191231,12751127.7,1416164879.98
1027,600829.SH,20200411,20200411,20191231,,-411603708.42
1028,600830.SH,20200418,20200418,20191231,1261678.48,662431037.34
1029,600833.SH,20200414,20200414,20191231,6094960.46,104601581.36
1030,600834.SH,20200418,20200418,20191231,51287697.14,-602573579.15
1031,600835.SH,20200403,20200403,20191231,295305674.49,172959003.64
1032,600837.SH,20200327,20200327,20191231,2000542605.56,22657777758.56
1033,600839.SH,20200418,20200418,20191231,84038148.25,1565512587.09
1034,600841.SH,20200410,20200410,20191231,78977891.7,618948439.04
1035,600853.SH,20200420,20200420,20191231,,-851123569.29
1036,600854.SH,20200328,20200328,20191231,58100809.37,59014067.13
1037,600857.SH,20200331,20200331,20191231,24948799.3,5188872.86
1038,600858.SH,20200410,20200410,20191231,5256816.36,693926322.27
1039,600860.SH,20200328,20200328,20191231,,85942384.39
1040,600862.SH,20200316,20200316,20191231,13250000.0,946840577.12
1041,600865.SH,20200418,20200418,20191231,61554722.48,158361310.37
1042,600866.SH,20200317,20200317,20191231,,213169117.99
1043,600867.SH,20200415,20200415,20191231,18055132.84,1152169735.74
1044,600868.SH,20200228,20200228,20191231,1335180.0,177563029.22
1045,600871.SH,20200325,20200325,20191231,2368000.0,1377053000.0
1046,600872.SH,20200317,20200317,20191231,36854928.17,1058869197.81
1047,600873.SH,20200416,20200416,20191231,66925791.76,2797944625.34
1048,600874.SH,20200327,20200327,20191231,,884933000.0
1049,600875.SH,20200328,20200328,20191231,259368343.88,202244625.11
1050,600877.SH,20200411,20200411,20191231,,33816375.53
1051,600879.SH,20200327,20200327,20191231,,259277308.18
1052,600880.SH,20200410,20200410,20191231,365222.74,9948792.64
1053,600883.SH,20200416,20200416,20191231,9907713.34,-7121013.73
1054,600886.SH,20200418,20200418,20191231,514009110.75,20354175493.71
1055,600888.SH,20200324,20200324,20191231,17989059.27,203392375.98
1056,600889.SH,20200410,20200410,20191231,32726555.93,-84354690.71
1057,600891.SH,20200303,20200303,20191231,,38928260.18
1058,600893.SH,20200418,20200418,20191231,20688275.65,5094462087.14
1059,600895.SH,20200416,20200416,20191231,357012865.41,-6731829838.47
1060,600896.SH,20200229,20200229,20191231,746831.0,-73575739.01
1061,600897.SH,20200417,20200417,20191231,26791776.08,732836621.21
1062,600908.SH,20200328,20200328,20191231,302172000.0,4005455000.0
1063,600909.SH,20200330,20200330,20191231,14174119.73,3605559350.86
1064,600919.SH,20200411,20200411,20191231,24168542000.0,-57957767000.0
1065,600929.SH,20200403,20200403,20191231,13597798.09,278563521.95
1066,600933.SH,20200415,20200415,20191231,34951782.86,949250193.1
1067,600958.SH,20200328,20200328,20191231,3945878626.74,10385033926.77
1068,600962.SH,20200401,20200401,20191231,,-195703500.88
1069,600963.SH,20200311,20200311,20191231,2610000.0,602237069.03
1070,600968.SH,20200410,20200410,20191231,164221822.89,2931268600.84
1071,600970.SH,20200324,20200324,20191231,10047600.96,250831333.09
1072,600973.SH,20200331,20200331,20191231,337178.01,48663173.57
1073,600975.SH,20200414,20200414,20191231,382635.0,-73134551.13
1074,600976.SH,20200418,20200418,20191231,24845191.48,74449432.67
1075,600980.SH,20200414,20200414,20191231,,80405049.28
1076,600982.SH,20200317,20200317,20191231,36464356.74,382975012.0
1077,600985.SH,20200328,20200328,20191231,8538940.85,9434307073.57
1078,600987.SH,20200410,20200410,20191231,,1003308819.07
1079,600989.SH,20200316,20200316,20191231,,3572586031.8
1080,600997.SH,20200410,20200410,20191231,56400000.0,2609464560.75
1081,600999.SH,20200328,20200328,20191231,2422525187.33,9988552735.5
1082,601003.SH,20200415,20200415,20191231,,4885387069.19
1083,601005.SH,20200330,20200330,20191231,15894000.0,-405326000.0
1084,601008.SH,20200327,20200327,20191231,58146576.73,587236658.78
1085,601010.SH,20200415,20200415,20191231,14087557.35,724920551.94
1086,601015.SH,20200326,20200326,20191231,4949456.25,480906761.5
1087,601016.SH,20200331,20200331,20191231,,1574003942.73
1088,601018.SH,20200411,20200411,20191231,628008000.0,283660000.0
1089,601066.SH,20200327,20200327,20191231,,36690821003.28
1090,601068.SH,20200331,20200331,20191231,85862731.87,1095976848.08
1091,601069.SH,20200331,20200331,20191231,,149877131.16
1092,601077.SH,20200327,20200327,20191231,12926435000.0,23851259000.0
1093,601086.SH,20200418,20200418,20191231,16003802.45,180301726.66
1094,601088.SH,20200328,20200328,20191231,1930000000.0,63106000000.0
1095,601107.SH,20200331,20200331,20191231,61927252.46,1828681550.68
1096,601111.SH,20200401,20200401,20191231,635498000.0,38340183000.0
1097,601116.SH,20200417,20200417,20191231,165859.2,79446931.72
1098,601118.SH,20200415,20200415,20191231,69701145.42,924417274.71
1099,601126.SH,20200327,20200327,20191231,160709076.92,860747324.05
1100,601138.SH,20200331,20200331,20191231,165213000.0,6439287000.0
1101,601155.SH,20200328,20200328,20191231,1977729544.0,43580181744.0
1102,601158.SH,20200402,20200402,20191231,84665304.9,2241922142.86
1103,601168.SH,20200313,20200313,20191231,557285.0,3874963709.0
1104,601186.SH,20200331,20200331,20191231,1023430000.0,40005838000.0
1105,601200.SH,20200410,20200410,20191231,7889695.21,1645655520.8
1106,601211.SH,20200325,20200325,20191231,3615193760.0,36396109791.0
1107,601228.SH,20200331,20200331,20191231,83343497.14,2655838447.7
1108,601231.SH,20200408,20200408,20191231,89050886.96,2425772253.61
1109,601236.SH,20200330,20200330,20191231,771506.85,-7062582927.82
1110,601238.SH,20200401,20200401,20191231,8083834242.0,-380571401.0
1111,601288.SH,20200331,20200331,20191231,223034000000.0,352571000000.0
1112,601298.SH,20200327,20200327,20191231,1753786173.0,2965989770.0
1113,601318.SH,20200221,20200221,20191231,183635000000.0,249445000000.0
1114,601319.SH,20200328,20200328,20191231,41073000000.0,36808000000.0
1115,601326.SH,20200328,20200328,20191231,62666248.84,2453136528.16
1116,601328.SH,20200328,20200328,20191231,86965000000.0,-82545000000.0
1117,601330.SH,20200328,20200328,20191231,,-48189535.55
1118,601333.SH,20200331,20200331,20191231,7046552.0,2395245101.0
1119,601336.SH,20200326,20200326,20191231,34926000000.0,42102000000.0
1120,601369.SH,20200410,20200410,20191231,302077440.59,915853073.84
1121,601390.SH,20200331,20200331,20191231,1919373000.0,22197786000.0
1122,601398.SH,20200328,20200328,20191231,,694521000000.0
1123,601512.SH,20200416,20200416,20191231,187786109.64,-1683726561.04
1124,601518.SH,20200321,20200321,20191231,,480206892.52
1125,601577.SH,20200330,20200330,20191231,9810635000.0,-25788568000.0
1126,601579.SH,20200417,20200417,20191231,2393082.04,273775336.49
1127,601598.SH,20200401,20200401,20191231,1122466978.38,3319984464.89
1128,601600.SH,20200327,20200327,20191231,336638000.0,12576862000.0
1129,601601.SH,20200323,20200323,20191231,61689000000.0,111795000000.0
1130,601607.SH,20200328,20200328,20191231,366135906.49,6022385613.17
1131,601608.SH,20200324,20200324,20191231,45408070.85,450792207.82
1132,601618.SH,20200401,20200401,20191231,383519000.0,17577933000.0
1133,601619.SH,20200310,20200310,20191231,,661436722.45
1134,601628.SH,20200326,20200326,20191231,142015000000.0,286032000000.0
1135,601636.SH,20200410,20200410,20191231,,2017309139.11
1136,601658.SH,20200326,20200326,20191231,121729000000.0,26443000000.0
1137,601688.SH,20200331,20200331,20191231,2481577826.2,20440490712.79
1138,601696.SH,20200326,20200326,20191231,173976685.27,10329125407.53
1139,601698.SH,20200417,20200417,20191231,6734000.0,1963313127.71
1140,601717.SH,20200328,20200328,20191231,24067696.58,2852217599.45
1141,601727.SH,20200416,20200416,20191231,1252921000.0,10505138000.0
1142,601766.SH,20200331,20200331,20191231,628440000.0,22530536000.0
1143,601788.SH,20200328,20200328,20191231,1189080687.57,35709151640.49
1144,601798.SH,20200418,20200418,20191231,13909482.91,-204892793.51
1145,601799.SH,20200418,20200418,20191231,89728583.45,1080001537.97
1146,601800.SH,20200401,20200401,20191231,2010263408.0,5931260061.0
1147,601801.SH,20200418,20200418,20191231,31222290.72,1142957434.75
1148,601808.SH,20200326,20200326,20191231,411173899.0,6968341176.0
1149,601811.SH,20200331,20200331,20191231,110970093.25,1364410519.62
1150,601816.SH,20200416,20200416,20191231,,16722820391.15
1151,601818.SH,20200328,20200328,20191231,59415000000.0,65100000000.0
1152,601828.SH,20200418,20200418,20191231,158223578.75,4093981030.6
1153,601857.SH,20200327,20200327,20191231,7725000000.0,359610000000.0
1154,601860.SH,20200325,20200325,20191231,305079000.0,10012601000.0
1155,601865.SH,20200420,20200420,20191231,8272192.47,510196692.57
1156,601866.SH,20200328,20200328,20191231,1008893753.63,8566492059.51
1157,601878.SH,20200319,20200319,20191231,,406222689.05
1158,601880.SH,20200327,20200327,20191231,269461080.44,1606591983.51
1159,601881.SH,20200328,20200328,20191231,2071075677.58,41335582076.01
1160,601882.SH,20200317,20200317,20191231,4745694.44,218162778.86
1161,601886.SH,20200331,20200331,20191231,68499138.9,991005281.3
1162,601898.SH,20200321,20200321,20191231,941360000.0,21983917000.0
1163,601899.SH,20200321,20200321,20191231,409661967.0,10665557013.0
1164,601916.SH,20200330,20200330,20191231,29168894000.0,-11544555000.0
1165,601919.SH,20200331,20200331,20191231,2048694468.93,21202371528.39
1166,601939.SH,20200330,20200330,20191231,192870000000.0,581287000000.0
1167,601958.SH,20200411,20200411,20191231,6276560.56,1464775179.08
1168,601966.SH,20200414,20200414,20191231,,2799896129.0
1169,601969.SH,20200327,20200327,20191231,15288140.0,1034802280.0
1170,601975.SH,20200320,20200320,20191231,,1166398208.27
1171,601988.SH,20200328,20200328,20191231,157630000000.0,-484266000000.0
1172,601990.SH,20200402,20200402,20191231,,972557930.4
1173,601991.SH,20200331,20200331,20191231,1291148000.0,21669762000.0
1174,601992.SH,20200401,20200401,20191231,674105241.47,9521681287.81
1175,601996.SH,20200410,20200410,20191231,1893164.22,86216764.03
1176,601998.SH,20200327,20200327,20191231,373000000.0,116969000000.0
1177,603000.SH,20200417,20200417,20191231,69177210.38,568358878.74
1178,603005.SH,20200323,20200323,20191231,1324645.31,133527705.05
1179,603013.SH,20200402,20200402,20191231,11590639.44,810730700.38
1180,603016.SH,20200327,20200327,20191231,8299735.6,77752835.49
1181,603018.SH,20200326,20200326,20191231,21328667.43,404258942.15
1182,603019.SH,20200328,20200328,20191231,51950197.97,3173782934.88
1183,603022.SH,20200410,20200410,20191231,1249957.53,84757554.51
1184,603025.SH,20200310,20200310,20191231,29311546.87,355942186.4
1185,603026.SH,20200410,20200410,20191231,31023749.66,-119498606.05
1186,603027.SH,20200418,20200418,20191231,10230528.64,191991964.23
1187,603039.SH,20200331,20200331,20191231,5653776.99,238072659.26
1188,603041.SH,20200320,20200320,20191231,,74787710.1
1189,603042.SH,20200418,20200418,20191231,376571.2,43080733.09
1190,603050.SH,20200416,20200416,20191231,857986.47,162833577.81
1191,603058.SH,20200420,20200420,20191231,38902963.6,63476536.18
1192,603060.SH,20200330,20200330,20191231,15772923.17,202460814.08
1193,603068.SH,20200410,20200410,20191231,9221277.97,25150024.24
1194,603078.SH,20200312,20200312,20191231,,44235073.13
1195,603090.SH,20200331,20200331,20191231,2641909.99,26125058.29
1196,603093.SH,20200314,20200314,20191231,20011964.36,349671860.91
1197,603099.SH,20200416,20200416,20191231,141736.98,123503823.29
1198,603103.SH,20200313,20200313,20191231,45685707.48,580625357.75
1199,603111.SH,20200403,20200403,20191231,519053.41,406444245.37
1200,603113.SH,20200416,20200416,20191231,56674604.73,487252376.34
1201,603121.SH,20200410,20200410,20191231,10058842.4,82226185.47
1202,603126.SH,20200330,20200330,20191231,4437043.04,121412022.8
1203,603127.SH,20200413,20200413,20191231,3498119.09,148092126.18
1204,603128.SH,20200327,20200327,20191231,2033067.75,281833788.64
1205,603156.SH,20200418,20200418,20191231,387911939.56,1671449718.82
1206,603158.SH,20200416,20200416,20191231,26668211.23,106940966.62
1207,603161.SH,20200331,20200331,20191231,545000.0,346734821.51
1208,603165.SH,20200404,20200404,20191231,1579563.2,425819191.27
1209,603166.SH,20200326,20200326,20191231,,347486955.06
1210,603167.SH,20200416,20200416,20191231,15928023.31,566755794.11
1211,603179.SH,20200328,20200328,20191231,,-49366342.17
1212,603180.SH,20200410,20200410,20191231,420565.53,402125219.51
1213,603181.SH,20200401,20200401,20191231,22389896.16,98461062.81
1214,603183.SH,20200416,20200416,20191231,2763726.02,69756061.61
1215,603185.SH,20200318,20200328,20191231,24619184.01,-91141625.82
1216,603186.SH,20200312,20200312,20191231,205164.38,125338964.32
1217,603187.SH,20200310,20200310,20191231,9928388.36,192200685.6
1218,603189.SH,20200418,20200418,20191231,,34667202.69
1219,603192.SH,20200418,20200418,20191231,4445208.92,89401787.37
1220,603208.SH,20200418,20200418,20191231,,323665793.38
1221,603214.SH,20200327,20200327,20191231,8245461.71,129104160.97
1222,603217.SH,20200414,20200414,20191231,1618517.37,78315988.47
1223,603225.SH,20200327,20200327,20191231,20924045.03,1824543845.06
1224,603228.SH,20200317,20200317,20191231,,873593060.9
1225,603229.SH,20200403,20200403,20191231,,87729755.39
1226,603236.SH,20200415,20200415,20191231,2331250.0,-143946666.41
1227,603238.SH,20200417,20200417,20191231,1806459.85,217718814.83
1228,603239.SH,20200415,20200415,20191231,,121441807.04
1229,603258.SH,20200420,20200420,20191231,23171222.95,312420620.44
1230,603259.SH,20200325,20200325,20191231,118318229.02,2916032312.7
1231,603267.SH,20200320,20200320,20191231,8408739.73,175091864.32
1232,603278.SH,20200325,20200325,20191231,3454980.26,196621093.97
1233,603288.SH,20200326,20200326,20191231,206648007.09,6567569488.52
1234,603289.SH,20200418,20200418,20191231,,94210676.03
1235,603290.SH,20200408,20200408,20191231,356277.94,88326556.08
1236,603300.SH,20200415,20200415,20191231,739720.0,812861858.99
1237,603303.SH,20200312,20200312,20191231,26660999.29,304432084.31
1238,603305.SH,20200408,20200408,20191231,5963602.72,485816618.53
1239,603309.SH,20200414,20200414,20191231,1435016.65,178794590.55
1240,603317.SH,20200331,20200331,20191231,28712297.95,377957402.95
1241,603318.SH,20200326,20200326,20191231,3289643.62,70848384.91
1242,603319.SH,20200411,20200411,20191231,273255.69,180560308.25
1243,603320.SH,20200416,20200416,20191231,1854198.67,67762830.82
1244,603322.SH,20200418,20200418,20191231,0.0,38997785.12
1245,603326.SH,20200414,20200414,20191231,4940025.55,86141627.28
1246,603327.SH,20200320,20200320,20191231,1547321.91,223524450.22
1247,603331.SH,20200330,20200330,20191231,1580528.54,34933177.47
1248,603335.SH,20200313,20200313,20191231,344720.0,106071085.09
1249,603336.SH,20200313,20200313,20191231,331123.28,25283858.34
1250,603337.SH,20200331,20200331,20191231,,251385626.73
1251,603339.SH,20200416,20200416,20191231,,369100908.49
1252,603345.SH,20200414,20200414,20191231,25657912.84,576571946.57
1253,603348.SH,20200331,20200331,20191231,6938505.48,234751943.74
1254,603360.SH,20200320,20200320,20191231,1210338.68,240066206.82
1255,603363.SH,20200410,20200410,20191231,234000.0,394159196.0
1256,603365.SH,20200411,20200411,20191231,16931165.15,235400111.77
1257,603378.SH,20200418,20200418,20191231,23968.12,426916173.41
1258,603380.SH,20200417,20200417,20191231,13444546.85,163206435.27
1259,603383.SH,20200408,20200408,20191231,21104274.81,120940523.48
1260,603385.SH,20200320,20200320,20191231,422231436.32,226771472.69
1261,603386.SH,20200409,20200409,20191231,170754.57,45498977.56
1262,603387.SH,20200324,20200324,20191231,29157009.83,225732761.76
1263,603393.SH,20200331,20200331,20191231,522521.78,1200219691.17
1264,603396.SH,20200416,20200416,20191231,,-87034157.55
1265,603429.SH,20200408,20200408,20191231,644009.47,217346312.94
1266,603444.SH,20200409,20200409,20191231,62446387.23,1297052995.4
1267,603456.SH,20200409,20200409,20191231,,554161971.62
1268,603466.SH,20200416,20200416,20191231,19404886.6,252765242.58
1269,603477.SH,20200228,20200228,20191231,,54936780.29
1270,603488.SH,20200417,20200417,20191231,17204483.87,69284747.45
1271,603489.SH,20200414,20200414,20191231,6095135.38,268517692.15
1272,603496.SH,20200327,20200327,20191231,1073491.64,15613509.98
1273,603500.SH,20200320,20200320,20191231,7659446.61,39731067.94
1274,603501.SH,20200410,20200410,20191231,106375.49,805335234.79
1275,603507.SH,20200403,20200403,20191231,4042775.02,-132938714.7
1276,603508.SH,20200409,20200409,20191231,14095911.04,540429028.1
1277,603516.SH,20200328,20200328,20191231,11144596.02,12551349.45
1278,603520.SH,20200331,20200331,20191231,1800000.0,246768072.47
1279,603528.SH,20200409,20200409,20191231,16747833.67,102509436.08
1280,603533.SH,20200411,20200411,20191231,12134688.4,308800798.29
1281,603535.SH,20200402,20200402,20191231,,195015550.89
1282,603536.SH,20200416,20200416,20191231,,105567986.46
1283,603558.SH,20200311,20200311,20191231,4861872.9,350866739.71
1284,603569.SH,20200418,20200418,20191231,15562452.05,555489677.06
1285,603577.SH,20200325,20200325,20191231,4371.68,-10270082.3
1286,603578.SH,20200328,20200328,20191231,10241311.46,245315676.47
1287,603579.SH,20200327,20200327,20191231,401714.64,446466294.73
1288,603580.SH,20200327,20200327,20191231,1727794.52,29906304.77
1289,603587.SH,20200408,20200408,20191231,26335924.65,725141148.85
1290,603595.SH,20200320,20200320,20191231,488568.49,25622650.78
1291,603596.SH,20200402,20200402,20191231,3317627.4,757679984.09
1292,603605.SH,20200402,20200402,20191231,4653362.83,235961328.34
1293,603606.SH,20200402,20200402,20191231,,672022556.4
1294,603609.SH,20200331,20200331,20191231,39407633.67,1111605966.58
1295,603613.SH,20200320,20200320,20191231,,379722775.31
1296,603615.SH,20200404,20200404,20191231,9231668.31,139744659.7
1297,603617.SH,20200331,20200331,20191231,,68946226.5
1298,603636.SH,20200403,20200403,20191231,,-121994386.47
1299,603637.SH,20200410,20200410,20191231,707792.32,435192262.98
1300,603638.SH,20200418,20200418,20191231,,193264541.92
1301,603656.SH,20200418,20200418,20191231,20080794.23,42306866.54
1302,603657.SH,20200415,20200415,20191231,4595338.21,126218926.11
1303,603659.SH,20200327,20200327,20191231,9037000.12,490428912.93
1304,603663.SH,20200320,20200320,20191231,,59754009.06
1305,603666.SH,20200416,20200416,20191231,18408109.38,7797614.93
1306,603668.SH,20200228,20200228,20191231,244949.67,745597965.4
1307,603669.SH,20200418,20200418,20191231,20846208.13,235605006.04
1308,603677.SH,20200222,20200222,20191231,5337598.98,113942085.07
1309,603678.SH,20200318,20200318,20191231,10753486.05,232138778.21
1310,603686.SH,20200415,20200415,20191231,,323180866.8
1311,603696.SH,20200417,20200417,20191231,10178527.93,37905922.33
1312,603700.SH,20200410,20200410,20191231,10127757.43,139720756.72
1313,603706.SH,20200417,20200417,20191231,17708084.47,146284220.55
1314,603712.SH,20200318,20200318,20191231,7813663.62,221236494.68
1315,603713.SH,20200402,20200402,20191231,6643610.59,212514355.26
1316,603725.SH,20200416,20200416,20191231,3135829.95,77381141.6
1317,603727.SH,20200320,20200320,20191231,,-44724008.74
1318,603733.SH,20200403,20200403,20191231,120623962.64,455643309.19
1319,603737.SH,20200410,20200410,20191231,1542139.74,399892555.24
1320,603776.SH,20200420,20200420,20191231,4886085.46,392136580.97
1321,603799.SH,20200328,20200328,20191231,21516907.59,2599671576.78
1322,603801.SH,20200416,20200416,20191231,17939746.77,344382382.47
1323,603806.SH,20200321,20200321,20191231,39126007.38,434941650.99
1324,603813.SH,20200331,20200331,20191231,,63157815.67
1325,603817.SH,20200410,20200410,20191231,2761366.58,223225599.43
1326,603822.SH,20200218,20200218,20191231,,132261067.21
1327,603823.SH,20200418,20200418,20191231,7758049.18,184416960.63
1328,603826.SH,20200331,20200331,20191231,4856154.33,140586685.6
1329,603838.SH,20200417,20200417,20191231,2708000.0,48474562.2
1330,603839.SH,20200403,20200403,20191231,38030700.63,11008664.66
1331,603856.SH,20200326,20200326,20191231,4371931.48,101754691.22
1332,603860.SH,20200331,20200331,20191231,3630399.98,69285665.31
1333,603866.SH,20200415,20200415,20191231,22225361.63,887834094.1
1334,603878.SH,20200331,20200331,20191231,18391374.68,46223863.17
1335,603879.SH,20200417,20200417,20191231,4680780.82,16943896.41
1336,603881.SH,20200314,20200314,20191231,,190353248.66
1337,603885.SH,20200411,20200411,20191231,120869.47,2736747856.15
1338,603886.SH,20200417,20200417,20191231,29211227.12,341199524.52
1339,603887.SH,20200331,20200331,20191231,,144196351.85
1340,603889.SH,20200409,20200409,20191231,6730355.87,398646453.55
1341,603896.SH,20200402,20200402,20191231,3675008.55,207918192.58
1342,603897.SH,20200415,20200415,20191231,28723845.16,380865193.8
1343,603899.SH,20200414,20200414,20191231,24216354.35,1081941383.68
1344,603901.SH,20200418,20200418,20191231,100120.0,166603115.09
1345,603903.SH,20200417,20200417,20191231,1550500.0,265768396.22
1346,603916.SH,20200416,20200416,20191231,,419128935.5
1347,603917.SH,20200416,20200416,20191231,2316854.79,103653611.24
1348,603919.SH,20200331,20200331,20191231,1065555.56,370864384.64
1349,603920.SH,20200415,20200415,20191231,9026323.14,575904295.64
1350,603927.SH,20200417,20200417,20191231,,389192578.28
1351,603929.SH,20200327,20200327,20191231,8793195.1,-197191770.77
1352,603933.SH,20200320,20200320,20191231,13450118.59,67072118.39
1353,603938.SH,20200320,20200320,20191231,5120115.06,38797697.05
1354,603939.SH,20200409,20200409,20191231,,963234234.64
1355,603955.SH,20200415,20200415,20191231,982884.72,139369511.74
1356,603967.SH,20200409,20200409,20191231,26707046.03,214183910.7
1357,603968.SH,20200418,20200418,20191231,15039759.42,285328016.52
1358,603977.SH,20200415,20200415,20191231,12577806.52,183068960.09
1359,603979.SH,20200415,20200415,20191231,,574741907.59
1360,603986.SH,20200327,20200327,20191231,10033049.65,967347203.67
1361,603987.SH,20200331,20200331,20191231,4122827.5,256366254.09
1362,603989.SH,20200331,20200331,20191231,40592889.17,155887681.28
1363,603992.SH,20200414,20200414,20191231,,267353140.91
1364,603993.SH,20200330,20200330,20191231,1632774545.59,1704827883.87
1365,603995.SH,20200420,20200420,20191231,1235076.94,388558495.7
1366,603997.SH,20200331,20200331,20191231,3794096.47,1169463785.71
1367,688001.SH,20200416,20200416,20191231,3082140.26,-107272730.35
1368,688002.SH,20200408,20200408,20191231,282426.02,159138165.34
1369,688003.SH,20200418,20200418,20191231,159455.94,-9533726.21
1370,688009.SH,20200326,20200326,20191231,61958760.28,3371360784.87
1371,688011.SH,20200417,20200417,20191231,5549865.32,9305792.76
1372,688012.SH,20200417,20200417,20191231,20095019.9,133270991.54
1373,688015.SH,20200409,20200409,20191231,5835786.72,430257632.65
1374,688016.SH,20200330,20200330,20191231,10147559.89,143202857.0
1375,688018.SH,20200310,20200310,20191231,,102315848.26
1376,688021.SH,20200416,20200416,20191231,56000.0,19959482.92
1377,688023.SH,20200415,20200415,20191231,,216516098.73
1378,688025.SH,20200420,20200420,20191231,287914.65,18324911.42
1379,688028.SH,20200415,20200415,20191231,,82897770.47
1380,688029.SH,20200331,20200331,20191231,13138024.18,252490245.2
1381,688058.SH,20200416,20200416,20191231,1979794.52,18304802.13
1382,688101.SH,20200410,20200410,20191231,,236317186.78
1383,688111.SH,20200325,20200325,20191231,45212011.9,585691496.95
1384,688122.SH,20200331,20200331,20191231,186015.42,-109504459.37
1385,688123.SH,20200417,20200417,20191231,,73773739.34
1386,688138.SH,20200416,20200416,20191231,,102685252.56
1387,688139.SH,20200326,20200326,20191231,46626505.35,280486898.86
1388,688159.SH,20200415,20200415,20191231,1969850.93,-2037098.79
1389,688166.SH,20200410,20200410,20191231,4522727.72,61333887.77
1390,688168.SH,20200420,20200420,20191231,,22940105.08
1391,688178.SH,20200420,20200420,20191231,1822112.32,31863789.08
1392,688186.SH,20200331,20200331,20191231,18118585.0,-23846154.56
1393,688196.SH,20200326,20200326,20191231,,178971646.9
1394,688199.SH,20200418,20200418,20191231,172861.11,153901917.19
1395,688202.SH,20200416,20200416,20191231,112733.34,58299144.52
1396,688208.SH,20200331,20200331,20191231,2660136.99,229137596.39
1397,688278.SH,20200330,20200330,20191231,,123301259.4
1398,688288.SH,20200404,20200404,20191231,355002.04,62203124.1
1399,688299.SH,20200416,20200416,20191231,1323069.42,130713158.2
1400,688357.SH,20200420,20200420,20191231,,41604752.25
1401,688358.SH,20200331,20200331,20191231,2121346.73,79827109.35
1402,688366.SH,20200327,20200327,20191231,88292847.22,348910880.12
1403,688388.SH,20200331,20200331,20191231,8129342.07,472132435.8
1404,688389.SH,20200331,20200331,20191231,5435861.9,91824906.79
1405,688398.SH,20200417,20200417,20191231,,59740514.62
